market,name,code,scode
KOSDAQ,마이크로컨텍솔,KR7098120009,098120
KOSDAQ GLOBAL,포스코엠텍,KR7009520008,009520
KOSPI,AJ네트웍스,KR7095570008,095570
KOSPI,AK홀딩스,KR7006840003,006840
KOSPI,BGF리테일,KR7282330000,282330
KOSPI,BGF,KR7027410000,027410
KOSPI,BNK금융지주,KR7138930003,138930
KOSPI,BYC우,KR7001461003,001465
KOSPI,BYC,KR7001460005,001460
KOSPI,CJ우,KR7001041003,001045
KOSPI,CJ4우(전환),KR700104K010,00104K
KOSPI,CJ,KR7001040005,001040
KOSPI,CJ씨푸드1우,KR7011151008,011155
KOSPI,CJ씨푸드,KR7011150000,011150
KOSDAQ,CMG제약,KR7058820002,058820
KOSPI,CS홀딩스,KR7000590000,000590
KOSPI,DB,KR7012030003,012030
KOSPI,DB금융투자,KR7016610008,016610
KOSPI,DB손해보험,KR7005830005,005830
KOSPI,DB하이텍,KR7000990002,000990
KOSPI,DGB금융지주,KR7139130009,139130
KOSPI,DI동일,KR7001530005,001530
KOSPI,DL우,KR7000211003,000215
KOSPI,DL,KR7000210005,000210
KOSPI,DL이앤씨우,KR737550K011,37550K
KOSPI,DL이앤씨2우(전환),KR737550K029,37550L
KOSPI,DL이앤씨,KR7375500006,375500
KOSPI,DSR,KR7155660004,155660
KOSPI,DSR제강,KR7069730000,069730
KOSPI,DS단석,KR7017860008,017860
KOSPI,E1,KR7017940008,017940
KOSPI,ESR켄달스퀘어리츠,KR7365550003,365550
KOSDAQ,ES큐브,KR7050120005,050120
KOSPI,F&F,KR7383220001,383220
KOSPI,F&F홀딩스,KR7007700008,007700
KOSPI,GS우,KR7078931003,078935
KOSPI,GS건설,KR7006360002,006360
KOSPI,GS,KR7078930005,078930
KOSPI,HDC,KR7012630000,012630
KOSPI,HDC현대산업개발,KR7294870001,294870
KOSPI,HJ중공업,KR7097230007,097230
KOSPI,HL D&I,KR7014790000,014790
KOSDAQ,HLB이노베이션,KR7024850000,024850
KOSPI,HL만도,KR7204320006,204320
KOSPI,HL홀딩스,KR7060980000,060980
KOSPI,HS애드,KR7035000009,035000
KOSPI,IHQ,KR7003560000,003560
KOSPI,JB금융지주,KR7175330000,175330
KOSPI,JW생명과학,KR7234080000,234080
KOSPI,JW중외제약우,KR7001061001,001065
KOSPI,JW중외제약2우B,KR7001062009,001067
KOSPI,JW중외제약,KR7001060003,001060
KOSPI,JW홀딩스,KR7096760004,096760
KOSPI,KB금융,KR7105560007,105560
KOSPI,KB스타리츠,KR7432320000,432320
KOSDAQ,KB오토시스,KR7024120008,024120
KOSPI,KCTC,KR7009070004,009070
KOSDAQ,KD,KR7044180008,044180
KOSPI,KG모빌리티,KR7003620002,003620
KOSPI,KG스틸,KR7016380008,016380
KOSPI,KG케미칼,KR7001390004,001390
KOSPI,KH 필룩스,KR7033180001,033180
KOSPI,KISCO홀딩스,KR7001940006,001940
KOSPI,KPX케미칼,KR7025000001,025000
KOSPI,KPX홀딩스,KR7092230002,092230
KOSPI,KR모터스,KR7000040006,000040
KOSPI,LF,KR7093050003,093050
KOSPI,LG우,KR7003551009,003555
KOSPI,LG디스플레이,KR7034220004,034220
KOSPI,LG,KR7003550001,003550
KOSPI,LG생활건강우,KR7051901007,051905
KOSPI,LG생활건강,KR7051900009,051900
KOSPI,LG에너지솔루션,KR7373220003,373220
KOSPI,LG유플러스,KR7032640005,032640
KOSPI,LG이노텍,KR7011070000,011070
KOSPI,LG전자우,KR7066571001,066575
KOSPI,LG전자,KR7066570003,066570
KOSPI,LG화학우,KR7051911006,051915
KOSPI,LG화학,KR7051910008,051910
KOSPI,LIG넥스원,KR7079550000,079550
KOSPI,LS ELECTRIC,KR7010120004,010120
KOSPI,LS네트웍스,KR7000680009,000680
KOSPI,LS,KR7006260004,006260
KOSPI,LS에코에너지,KR7229640008,229640
KOSPI,LX세미콘,KR7108320003,108320
KOSPI,LX인터내셔널,KR7001120005,001120
KOSDAQ,MDS테크,KR7086960002,086960
KOSPI,MH에탄올,KR7023150006,023150
KOSPI,NAVER,KR7035420009,035420
KOSPI,NHN,KR7181710005,181710
KOSPI,NH프라임리츠,KR7338100001,338100
KOSPI,NICE,KR7034310003,034310
KOSPI,NI스틸,KR7008260002,008260
KOSPI,NPC우,KR7004251005,004255
KOSPI,NPC,KR7004250007,004250
KOSPI,OCI,KR7456040005,456040
KOSPI,S-Oil우,KR7010951002,010955
KOSPI,S-Oil,KR7010950004,010950
KOSDAQ,SBI핀테크솔루션즈,KR8392070007,950110
KOSPI,SGC에너지,KR7005090006,005090
KOSPI,SG글로벌,KR7001380005,001380
KOSPI,SHD,KR7001770007,001770
KOSPI,SH에너지화학,KR7002360006,002360
KOSPI,SIMPAC,KR7009160003,009160
KOSPI,SJM,KR7123700007,123700
KOSPI,SJM홀딩스,KR7025530007,025530
KOSPI,SK우,KR703473K016,03473K
KOSPI,SKC,KR7011790003,011790
KOSPI,SK가스,KR7018670000,018670
KOSPI,SK네트웍스,KR7001740000,001740
KOSPI,SK디앤디,KR7210980009,210980
KOSPI,SK리츠,KR7395400005,395400
KOSPI,SK,KR7034730002,034730
KOSPI,SK스퀘어,KR7402340004,402340
KONEX,SK시그넷,KR7260870001,260870
KOSPI,SK아이이테크놀로지,KR7361610009,361610
KOSPI,SK오션플랜트,KR7100090000,100090
KOSPI,SK이노베이션우,KR7096771001,096775
KOSPI,SK이노베이션,KR7096770003,096770
KOSPI,SK증권우,KR7001511005,001515
KOSPI,SK증권,KR7001510007,001510
KOSPI,SK케미칼우,KR728513K010,28513K
KOSPI,SK케미칼,KR7285130001,285130
KOSPI,SK텔레콤,KR7017670001,017670
KOSPI,SNT다이내믹스,KR7003570009,003570
KOSPI,SNT모티브,KR7064960008,064960
KOSPI,SNT에너지,KR7100840008,100840
KOSPI,SNT홀딩스,KR7036530004,036530
KOSPI,SPC삼립,KR7005610001,005610
KOSPI,STX그린로지스,KR7465770006,465770
KOSPI,STX,KR7011810009,011810
KOSPI,STX엔진,KR7077970002,077970
KOSPI,TBH글로벌,KR7084870005,084870
KOSPI,TCC스틸,KR7002710002,002710
KOSPI,WISCOM,KR7024070005,024070
KOSDAQ,가비아,KR7079940003,079940
KOSDAQ,가온그룹,KR7078890001,078890
KOSPI,가온전선,KR7000500009,000500
KOSDAQ,가온칩스,KR7399720002,399720
KONEX,가이아코퍼레이션,KR7296520000,296520
KOSDAQ,감성코퍼레이션,KR7036620003,036620
KOSPI,강남제비스코,KR7000860007,000860
KOSDAQ,강동씨앤엘,KR7198440000,198440
KOSDAQ,강스템바이오텍,KR7217730001,217730
KOSPI,강원랜드,KR7035250000,035250
KOSDAQ,강원에너지,KR7114190002,114190
KOSDAQ,갤럭시아머니트리,KR7094480001,094480
KOSPI,갤럭시아에스엠,KR7011420007,011420
KOSDAQ,경남스틸,KR7039240007,039240
KOSDAQ,경남제약,KR7053950002,053950
KOSPI,경농,KR7002100006,002100
KOSPI,경동나비엔,KR7009450008,009450
KOSPI,경동도시가스,KR7267290005,267290
KOSPI,경동인베스트,KR7012320008,012320
KOSDAQ,경동제약,KR7011040003,011040
KOSPI,경방,KR7000050005,000050
KOSPI,경보제약,KR7214390007,214390
KOSPI,경인양행,KR7012610002,012610
KOSPI,경인전자,KR7009140005,009140
KOSDAQ,경창산업,KR7024910002,024910
KOSPI,계룡건설,KR7013580006,013580
KOSPI,계양전기우,KR7012201000,012205
KOSPI,계양전기,KR7012200002,012200
KOSPI,고려산업,KR7002140002,002140
KOSDAQ,고려신용정보,KR7049720006,049720
KOSPI,고려아연,KR7010130003,010130
KOSPI,고려제강,KR7002240000,002240
KOSDAQ,고려제약,KR7014570006,014570
KOSDAQ,고바이오랩,KR7348150004,348150
KOSDAQ,고스트스튜디오,KR8344390008,950190
KOSDAQ,고영,KR7098460009,098460
KOSDAQ,골드앤에스,KR7035290006,035290
KOSDAQ GLOBAL,골프존,KR7215000001,215000
KOSDAQ,골프존뉴딘홀딩스,KR7121440002,121440
KOSDAQ,공구우먼,KR7366030005,366030
KONEX,관악산업,KR7076340009,076340
KOSPI,광동제약,KR7009290008,009290
KONEX,광동헬스바이오,KR7086220001,086220
KOSDAQ,광림,KR7014200000,014200
KOSPI,광명전기,KR7017040007,017040
KOSDAQ,광무,KR7029480001,029480
KOSPI,광전자,KR7017900002,017900
KOSPI,광주신세계,KR7037710001,037710
KOSDAQ,광진실업,KR7026910000,026910
KOSDAQ,교보13호스팩,KR7440790004,440790
KOSDAQ,교보14호스팩,KR7456490002,456490
KOSDAQ,교보15호스팩,KR7465320000,465320
KOSDAQ,교보16호스팩,KR7482520004,482520
KOSDAQ,교보17호스팩,KR7489210005,489210
KOSPI,교보증권,KR7030610000,030610
KOSPI,교촌에프앤비,KR7339770000,339770
KOSDAQ,구영테크,KR7053270005,053270
KOSPI,국도화학,KR7007690001,007690
KOSDAQ,국보디자인,KR7066620006,066620
KOSPI,국보,KR7001140003,001140
KOSDAQ,국순당,KR7043650001,043650
KOSDAQ,국영지앤엠,KR7006050009,006050
KOSDAQ,국일신동,KR7060480001,060480
KOSDAQ,국일제지,KR7078130002,078130
KOSDAQ,국전약품,KR7307750000,307750
KOSPI,국제약품,KR7002720001,002720
KOSDAQ,그래디언트,KR7035080001,035080
KOSPI,GKL,KR7114090004,114090
KOSDAQ,GRT,HK0000307485,900290
KOSDAQ,그리드위즈,KR7453450009,453450
KOSDAQ,그리티,KR7204020002,204020
KOSDAQ,그린리소스,KR7402490007,402490
KOSDAQ,그린생명과학,KR7114450000,114450
KOSPI,그린케미칼,KR7083420000,083420
KOSDAQ,그린플러스,KR7186230009,186230
KOSPI,극동유화,KR7014530000,014530
KOSDAQ,GST,KR7083450007,083450
KOSDAQ,글로벌에스엠,KYG3931T1076,900070
KOSDAQ,글로벌텍스프리,KR7204620009,204620
KOSDAQ,글로본,KR7019660000,019660
KOSPI,금강공업우,KR7014281000,014285
KOSPI,금강공업,KR7014280002,014280
KOSDAQ,금강철강,KR7053260006,053260
KOSPI,금비,KR7008870008,008870
KOSDAQ,금양그린파워,KR7282720002,282720
KOSPI,금양,KR7001570001,001570
KOSPI,금호건설우,KR7002991008,002995
KOSPI,금호건설,KR7002990000,002990
KOSPI,금호석유우,KR7011781002,011785
KOSPI,금호석유,KR7011780004,011780
KOSPI,금호에이치티,KR7214330003,214330
KOSPI,금호전기,KR7001210004,001210
KOSPI,금호타이어,KR7073240004,073240
KOSDAQ,금화피에스시,KR7036190007,036190
KOSDAQ,기가레인,KR7049080005,049080
KOSDAQ,기가비스,KR7420770000,420770
KOSDAQ,기산텔레콤,KR7035460005,035460
KOSPI,기신정기,KR7092440007,092440
KOSPI,기아,KR7000270009,000270
KONEX,길교이앤씨,KR7456700004,456700
KOSPI,까뮤이앤씨,KR7013700000,013700
KOSDAQ,까스텔바작,KR7308100007,308100
KOSPI,깨끗한나라우,KR7004541009,004545
KOSPI,깨끗한나라,KR7004540001,004540
KOSDAQ,꿈비,KR7407400001,407400
KOSDAQ,나노,KR7187790001,187790
KOSDAQ,나노브릭,KR7286750005,286750
KOSDAQ,나노신소재,KR7121600001,121600
KOSDAQ,나노씨엠에스,KR7247660004,247660
KOSDAQ,나노엔텍,KR7039860002,039860
KOSDAQ,나노캠텍,KR7091970004,091970
KOSDAQ,나노팀,KR7417010006,417010
KONEX,나눔테크,KR7244880001,244880
KOSDAQ,나라셀라,KR7405920000,405920
KONEX,나라소프트,KR7288490006,288490
KOSDAQ,나라엠앤디,KR7051490001,051490
KOSDAQ,나래나노텍,KR7137080008,137080
KOSDAQ,나무가,KR7190510008,190510
KOSDAQ,나무기술,KR7242040004,242040
KOSDAQ,나스미디어,KR7089600001,089600
KOSDAQ,나우IB,KR7293580007,293580
KONEX,나우코스,KR7257990002,257990
KOSDAQ,나이벡,KR7138610001,138610
KOSDAQ,나이스디앤비,KR7130580004,130580
KOSDAQ,나이스정보통신,KR7036800001,036800
KOSPI,NICE평가정보,KR7030190003,030190
KOSDAQ,나인테크,KR7267320000,267320
KOSPI,남광토건,KR7001260009,001260
KOSPI,남선알미우,KR7008351009,008355
KOSPI,남선알미늄,KR7008350001,008350
KOSPI,남성,KR7004270005,004270
KOSPI,남양유업우,KR7003921004,003925
KOSPI,남양유업,KR7003920006,003920
KOSPI,남해화학,KR7025860008,025860
KOSDAQ,남화산업,KR7111710000,111710
KOSDAQ,남화토건,KR7091590000,091590
KOSDAQ,내츄럴엔도텍,KR7168330009,168330
KOSDAQ,네오리진,KR7094860004,094860
KOSDAQ,네오셈,KR7253590004,253590
KOSDAQ,네오오토,KR7212560007,212560
KOSDAQ,네오위즈,KR7095660007,095660
KOSDAQ,네오위즈홀딩스,KR7042420000,042420
KOSDAQ,네오이뮨텍,KR8840140006,950220
KOSDAQ,네오크레마,KR7311390009,311390
KOSDAQ,네오티스,KR7085910008,085910
KOSDAQ,네오팜,KR7092730001,092730
KOSDAQ,네오펙트,KR7290660000,290660
KOSDAQ,네온테크,KR7306620006,306620
KOSDAQ,네이블,KR7153460001,153460
KOSDAQ,네이처셀,KR7007390008,007390
KOSDAQ,네패스,KR7033640004,033640
KOSDAQ,네패스아크,KR7330860008,330860
KOSPI,넥센우,KR7005721006,005725
KOSPI,넥센,KR7005720008,005720
KOSPI,넥센타이어1우B,KR7002351005,002355
KOSPI,넥센타이어,KR7002350007,002350
KOSDAQ,넥스턴바이오,KR7089140008,089140
KOSDAQ,넥스트바이오메디컬,KR7389650003,389650
KOSDAQ,넥스트아이,KR7137940003,137940
KOSDAQ,NEW,KR7160550000,160550
KOSDAQ,넥스트칩,KR7396270001,396270
KOSDAQ GLOBAL,넥스틴,KR7348210006,348210
KOSPI,넥스틸,KR7092790005,092790
KOSDAQ,넥슨게임즈,KR7225570001,225570
KOSDAQ,넵튠,KR7217270008,217270
KOSPI,넷마블,KR7251270005,251270
KONEX,노드메이슨,KR7317860005,317860
KOSDAQ,노랑풍선,KR7104620000,104620
KOSPI,노루페인트우,KR7090351008,090355
KOSPI,노루페인트,KR7090350000,090350
KOSPI,노루홀딩스우,KR7000321000,000325
KOSPI,노루홀딩스,KR7000320002,000320
KOSDAQ,노머스,KR7473980001,473980
KOSDAQ,노바렉스,KR7194700001,194700
KOSDAQ,노바텍,KR7285490009,285490
KONEX,노보믹스,KR7283100006,283100
KOSDAQ,노브랜드,KR7145170007,145170
KONEX,노브메타파마,KR7229500004,229500
KOSDAQ,노블엠앤비,KR7106520000,106520
KOSDAQ,노을,KR7376930004,376930
KOSPI,녹십자,KR7006280002,006280
KOSDAQ,녹십자엠에스,KR7142280007,142280
KOSDAQ,녹십자웰빙,KR7234690006,234690
KOSPI,녹십자홀딩스2우,KR7005252002,005257
KOSPI,녹십자홀딩스,KR7005250006,005250
KOSPI,농심,KR7004370003,004370
KOSPI,농심홀딩스,KR7072710007,072710
KOSDAQ,아시아종묘,KR7154030001,154030
KOSDAQ,우듬지팜,KR7403490006,403490
KOSDAQ,농우바이오,KR7054050000,054050
KOSDAQ,누리플랜,KR7069140002,069140
KOSDAQ,누리플렉스,KR7040160004,040160
KOSDAQ,누보,KR7332290006,332290
KOSDAQ,뉴로메카,KR7348340001,348340
KOSDAQ,뉴보텍,KR7060260007,060260
KOSDAQ,뉴온,KR7123840001,123840
KOSDAQ,뉴인텍,KR7012340006,012340
KOSDAQ,뉴트리,KR7270870009,270870
KOSDAQ,뉴파워프라즈마,KR7144960002,144960
KOSDAQ,뉴프렉스,KR7085670008,085670
KOSDAQ,다날,KR7064260003,064260
KOSDAQ,다보링크,KR7340360007,340360
KOSDAQ,다산네트웍스,KR7039560008,039560
KOSDAQ,다산솔루에타,KR7154040000,154040
KOSPI,다스코,KR7058730003,058730
KOSPI,다올투자증권,KR7030210009,030210
KOSPI,다우기술,KR7023590003,023590
KOSDAQ,다우데이타,KR7032190001,032190
KOSDAQ,다원넥스뷰,KR7323350009,323350
KOSDAQ,다원시스,KR7068240001,068240
KOSPI,다이나믹디자인,KR7145210001,145210
KOSDAQ,닷밀,KR7464580000,464580
KOSPI,대교,KR7019680008,019680
KOSPI,대교우B,KR7019681006,019685
KOSPI,대구백화점,KR7006370001,006370
KOSPI,대덕1우,KR700806K010,00806K
KOSPI,대덕,KR7008060006,008060
KOSPI,대덕전자,KR7353200009,353200
KOSPI,대덕전자1우,KR735320K011,35320K
KONEX,대동고려삼,KR7178600003,178600
KOSDAQ,대동금속,KR7020400008,020400
KOSDAQ,대동기어,KR7008830002,008830
KOSPI,대동,KR7000490003,000490
KOSDAQ,대동스틸,KR7048470009,048470
KOSPI,대동전자,KR7008110009,008110
KOSDAQ,대륙제관,KR7004780003,004780
KOSPI,대림B&Co,KR7005750005,005750
KOSDAQ,대림제지,KR7017650003,017650
KOSPI,대림통상,KR7006570006,006570
KOSDAQ,대명소노시즌,KR7007720006,007720
KOSDAQ,대명에너지,KR7389260001,389260
KOSDAQ,대모,KR7317850006,317850
KOSDAQ,대보마그네틱,KR7290670009,290670
KOSDAQ,대봉엘에스,KR7078140001,078140
KOSDAQ,대산F&B,KR7065150005,065150
KOSPI,대상우,KR7001681006,001685
KOSPI,대상,KR7001680008,001680
KOSPI,대상홀딩스우,KR7084691005,084695
KOSPI,대상홀딩스,KR7084690007,084690
KOSDAQ,대성미생물,KR7036480002,036480
KOSPI,대성산업,KR7128820008,128820
KOSPI,대성에너지,KR7117580001,117580
KOSDAQ,대성창투,KR7027830009,027830
KOSDAQ,대성파인텍,KR7104040001,104040
KOSDAQ,대성하이텍,KR7129920005,129920
KOSPI,대성홀딩스,KR7016710006,016710
KOSDAQ,대신밸런스제14호스팩,KR7442310009,442310
KOSDAQ,대신밸런스제15호스팩,KR7457390003,457390
KOSDAQ,대신밸런스제16호스팩,KR7457630002,457630
KOSDAQ,대신밸런스제17호스팩,KR7471050005,471050
KOSDAQ,대신밸런스제18호스팩,KR7478780000,478780
KOSDAQ,대신밸런스제19호스팩,KR7482690005,482690
KOSDAQ,대신정보통신,KR7020180006,020180
KOSPI,대신증권우,KR7003541000,003545
KOSPI,대신증권2우B,KR7003542008,003547
KOSPI,대신증권,KR7003540002,003540
KOSDAQ,대아티아이,KR7045390002,045390
KOSPI,대양금속,KR7009190000,009190
KOSDAQ,대양전기공업,KR7108380007,108380
KOSPI,대영포장,KR7014160006,014160
KOSPI,대우건설,KR7047040001,047040
KOSPI,대웅,KR7003090008,003090
KOSPI,대웅제약,KR7069620003,069620
KOSDAQ,대원,KR7007680002,007680
KOSPI,대원강업,KR7000430009,000430
KOSDAQ,대원미디어,KR7048910004,048910
KOSDAQ,대원산업,KR7005710009,005710
KOSPI,대원전선우,KR7006341002,006345
KOSPI,대원전선,KR7006340004,006340
KOSPI,대원제약,KR7003220001,003220
KOSPI,대원화성,KR7024890006,024890
KOSDAQ,대유,KR7290380005,290380
KOSPI,대유에이텍,KR7002880003,002880
KOSPI,대유플러스,KR7000300004,000300
KOSDAQ,대정화금,KR7120240007,120240
KOSDAQ,대주산업,KR7003310000,003310
KONEX,대주이엔티,KR7114920002,114920
KOSDAQ,대주전자재료,KR7078600004,078600
KOSPI,대창단조,KR7015230006,015230
KOSPI,대창,KR7012800009,012800
KOSDAQ,대창솔루션,KR7096350004,096350
KOSDAQ,대창스틸,KR7140520008,140520
KOSDAQ,대한과학,KR7131220006,131220
KOSDAQ,대한광통신,KR7010170009,010170
KOSDAQ,대한뉴팜,KR7054670005,054670
KOSPI,대한방직,KR7001070002,001070
KOSDAQ,대한약품,KR7023910003,023910
KOSPI,대한유화,KR7006650006,006650
KOSPI,대한전선,KR7001440007,001440
KOSPI,대한제강,KR7084010008,084010
KOSPI,대한제당우,KR7001791003,001795
KOSPI,대한제당,KR7001790005,001790
KOSPI,대한제분,KR7001130004,001130
KOSPI,대한항공우,KR7003491008,003495
KOSPI,대한항공,KR7003490000,003490
KOSPI,대한해운,KR7005880000,005880
KOSPI,대한화섬,KR7003830007,003830
KOSPI,대현,KR7016090003,016090
KOSPI,대호에이엘,KR7069460004,069460
KOSDAQ,대호특수강,KR7021040001,021040
KOSDAQ,대호특수강우,KR7021041009,021045
KOSDAQ,대화제약,KR7067080002,067080
KOSDAQ,더테크놀로지,KR7043090000,043090
KOSDAQ,더네이쳐홀딩스,KR7298540006,298540
KOSDAQ,더라미,KR7032860009,032860
KOSPI,더본코리아,KR7475560009,475560
KOSPI,더블유게임즈,KR7192080000,192080
KOSDAQ GLOBAL,더블유씨피,KR7393890009,393890
KOSDAQ,더블유에스아이,KR7299170001,299170
KOSDAQ,THE E&M,KR7089230007,089230
KOSPI,더존비즈온,KR7012510004,012510
KOSDAQ,더코디,KR7224060004,224060
KONEX,더콘텐츠온,KR7302920004,302920
KOSDAQ GLOBAL,덕산네오룩스,KR7213420003,213420
KOSDAQ,덕산테코피아,KR7317330009,317330
KOSDAQ,덕산하이메탈,KR7077360006,077360
KOSPI,덕성우,KR7004831004,004835
KOSPI,덕성,KR7004830006,004830
KOSDAQ,덕신이피씨,KR7090410002,090410
KOSPI,덕양산업,KR7024900003,024900
KOSDAQ,덕우전자,KR7263600009,263600
KOSDAQ,데브시스터즈,KR7194480000,194480
KOSDAQ,데이원컴퍼니,KR7373160001,373160
KOSDAQ,데이타솔루션,KR7263800005,263800
KONEX,데이터스트림즈,KR7199150004,199150
KOSDAQ,덱스터,KR7206560005,206560
KOSDAQ,덴티스,KR7261200000,261200
KOSPI,덴티움,KR7145720009,145720
KONEX,도부,KR7227420007,227420
KOSDAQ,도이치모터스,KR7067990002,067990
KOSPI,도화엔지니어링,KR7002150001,002150
KOSDAQ,동구바이오제약,KR7006620009,006620
KOSDAQ,동국산업,KR7005160007,005160
KOSPI,동국씨엠,KR7460850001,460850
KOSDAQ,동국알앤에스,KR7075970004,075970
KOSDAQ,동국S&C,KR7100130004,100130
KOSPI,동국제강,KR7460860000,460860
KOSDAQ GLOBAL,동국제약,KR7086450004,086450
KOSPI,동국홀딩스,KR7001230002,001230
KOSPI,동방,KR7004140000,004140
KOSDAQ,동방선기,KR7099410003,099410
KOSPI,동방아그로,KR7007590003,007590
KOSPI,동부건설우,KR7005961008,005965
KOSPI,동부건설,KR7005960000,005960
KOSPI,동서,KR7026960005,026960
KOSPI,동성제약,KR7002210003,002210
KOSPI,동성케미컬,KR7102260007,102260
KOSDAQ,동성화인텍,KR7033500000,033500
KOSDAQ,동신건설,KR7025950007,025950
KOSPI,동아쏘시오홀딩스,KR7000640003,000640
KOSPI,동아에스티,KR7170900005,170900
KOSDAQ,동아엘텍,KR7088130000,088130
KOSPI,동아지질,KR7028100006,028100
KOSDAQ,동아화성,KR7041930009,041930
KOSPI,동양우,KR7001521004,001525
KOSPI,동양2우B,KR7001522002,001527
KOSPI,동양고속,KR7084670009,084670
KOSPI,동양,KR7001520006,001520
KOSPI,동양생명,KR7082640004,082640
KOSDAQ,동양에스텍,KR7060380003,060380
KOSDAQ,동양이엔피,KR7079960001,079960
KOSPI,동양철관,KR7008970006,008970
KOSDAQ,동양파일,KR7228340006,228340
KOSPI,동양피스톤,KR7092780006,092780
KOSDAQ,동우팜투테이블,KR7088910005,088910
KOSDAQ,동운아나텍,KR7094170008,094170
KOSPI,동원F&B,KR7049770001,049770
KOSDAQ,동원개발,KR7013120001,013120
KOSPI,동원금속,KR7018500009,018500
KOSPI,동원산업,KR7006040000,006040
KOSPI,동원수산,KR7030720007,030720
KOSPI,동원시스템즈우,KR7014821003,014825
KOSPI,동원시스템즈,KR7014820005,014820
KOSPI,동인기연,KR7111380002,111380
KOSPI,동일고무벨트,KR7163560006,163560
KOSDAQ,동일금속,KR7109860007,109860
KOSDAQ,동일기연,KR7032960007,032960
KOSPI,동일산업,KR7004890000,004890
KOSDAQ,동일스틸럭스,KR7023790009,023790
KOSPI,동일제강,KR7002690006,002690
KOSDAQ,동진쎄미켐,KR7005290002,005290
KOSDAQ,동화기업,KR7025900002,025900
KOSPI,동화약품,KR7000020008,000020
KOSPI,두산우,KR7000151001,000155
KOSPI,두산2우B,KR7000152009,000157
KOSPI,두산로보틱스,KR7454910001,454910
KOSPI,두산밥캣,KR7241560002,241560
KOSPI,두산,KR7000150003,000150
KOSPI,두산에너빌리티,KR7034020008,034020
KOSDAQ GLOBAL,두산테스나,KR7131970006,131970
KOSPI,두산퓨얼셀1우,KR733626K013,33626K
KOSPI,두산퓨얼셀2우B,KR733626K021,33626L
KOSPI,두산퓨얼셀,KR7336260005,336260
KOSPI,두올,KR7016740003,016740
KOSDAQ,듀오백,KR7073190001,073190
KOSDAQ,듀켐바이오,KR7176750008,176750
KOSDAQ,드래곤플라이,KR7030350003,030350
KOSDAQ,드림시큐리티,KR7203650007,203650
KOSDAQ,드림씨아이에스,KR7223250002,223250
KOSDAQ,드림어스컴퍼니,KR7060570009,060570
KOSDAQ,드림인사이트,KR7362990004,362990
KOSPI,드림텍,KR7192650000,192650
KOSDAQ,디모아,KR7016670002,016670
KOSDAQ,디바이스이엔지,KR7187870001,187870
KOSDAQ,DB금융스팩11호,KR7456440007,456440
KOSDAQ,DB금융스팩12호,KR7477760003,477760
KOSDAQ,디비금융제13호스팩,KR7489730002,489730
KOSPI,디씨엠,KR7024090003,024090
KOSPI,디아이,KR7003160009,003160
KOSPI,디아이씨,KR7092200005,092200
KOSDAQ,디아이티,KR7110990009,110990
KOSPI,DRB동일,KR7004840005,004840
KOSDAQ,디알젬,KR7263690000,263690
KOSDAQ,디알텍,KR7214680001,214680
KOSDAQ,디앤디파마텍,KR7347850000,347850
KOSPI,디앤디플랫폼리츠,KR7377190004,377190
KOSDAQ,디앤씨미디어,KR7263720005,263720
KOSDAQ,디어유,KR7376300000,376300
KOSDAQ,DSC인베스트먼트,KR7241520006,241520
KOSDAQ,디에스케이,KR7109740001,109740
KOSDAQ,디에이치엑스컴퍼니,KR7031860000,031860
KOSDAQ,DH오토리드,KR7290120005,290120
KOSDAQ,DH오토웨어,KR7025440009,025440
KOSDAQ,디에이테크놀로지,KR7196490007,196490
KOSDAQ,디에이피,KR7066900002,066900
KOSDAQ,DXVX,KR7180400004,180400
KOSDAQ,디엔에이링크,KR7127120004,127120
KOSDAQ,디엔에프,KR7092070002,092070
KOSPI,DN오토모티브,KR7007340003,007340
KOSDAQ,DMS,KR7068790005,068790
KOSDAQ,디오,KR7039840004,039840
KOSDAQ,디와이디,KR7219550001,219550
KOSPI,디와이,KR7013570007,013570
KOSDAQ,디와이씨,KR7310870001,310870
KOSPI,디와이파워,KR7210540001,210540
KOSDAQ,디와이피엔에프,KR7104460001,104460
KOSDAQ,디이엔티,KR7079810008,079810
KOSDAQ,디젠스,KR7113810006,113810
KOSDAQ,디지아이,KR7043360007,043360
KOSDAQ,DGI,KR7099520009,099520
KOSDAQ,디지캡,KR7197140007,197140
KOSDAQ,디지털대성,KR7068930007,068930
KOSDAQ,디지틀조선,KR7033130006,033130
KOSDAQ,DGP,KR7060900008,060900
KOSDAQ,디케이락,KR7105740005,105740
KOSDAQ,디케이앤디,KR7263020000,263020
KOSDAQ,디케이티,KR7290550003,290550
KOSDAQ,디티씨,KR7066670001,066670
KOSDAQ,디티앤씨,KR7187220009,187220
KOSDAQ,디티앤씨알오,KR7383930005,383930
KOSDAQ,딜리,KR7131180002,131180
KOSDAQ,딥노이드,KR7315640003,315640
KOSDAQ,딥마인드,KR7223310004,223310
KOSDAQ,라닉스,KR7317120004,317120
KOSDAQ,라메디텍,KR7462510009,462510
KOSDAQ,라온시큐어,KR7042510008,042510
KOSDAQ,라온테크,KR7232680009,232680
KOSDAQ,라온텍,KR7418420006,418420
KOSDAQ,라온피플,KR7300120003,300120
KOSDAQ,라이온켐텍,KR7171120009,171120
KOSDAQ,라이콤,KR7388790008,388790
KOSDAQ,라이프시맨틱스,KR7347700007,347700
KOSDAQ,라파스,KR7214260002,214260
KONEX,라피치,KR7403360001,403360
KOSDAQ,램테크놀러지,KR7171010002,171010
KOSDAQ,랩지노믹스,KR7084650001,084650
KOSDAQ,러셀,KR7217500008,217500
KONEX,럭스피아,KR7092590009,092590
KOSDAQ,레드캡투어,KR7038390001,038390
KOSDAQ,레몬,KR7294140009,294140
KOSDAQ,레뷰코퍼레이션,KR7443250006,443250
KOSDAQ,레이,KR7228670006,228670
KOSDAQ,레이언스,KR7228850004,228850
KOSDAQ,레이저쎌,KR7412350001,412350
KOSDAQ,레이저옵텍,KR7199550005,199550
KOSDAQ,레이크머티리얼즈,KR7281740001,281740
KOSDAQ,레인보우로보틱스,KR7277810008,277810
KOSDAQ,로보로보,KR7215100009,215100
KOSDAQ,로보스타,KR7090360009,090360
KONEX,로보쓰리에이아이,KR7238500003,238500
KOSDAQ,로보티즈,KR7108490004,108490
KOSDAQ,로스웰,HK0000295359,900260
KONEX,로지스몬,KR7223220005,223220
KOSDAQ,로지시스,KR7067730002,067730
KOSDAQ,로체시스템즈,KR7071280002,071280
KOSPI,롯데관광개발,KR7032350001,032350
KOSPI,롯데렌탈,KR7089860001,089860
KOSPI,롯데리츠,KR7330590001,330590
KOSPI,롯데손해보험,KR7000400002,000400
KOSPI,롯데쇼핑,KR7023530009,023530
KOSPI,롯데에너지머티리얼즈,KR7020150009,020150
KOSPI,롯데웰푸드,KR7280360009,280360
KOSPI,롯데이노베이트,KR7286940002,286940
KOSPI,롯데정밀화학,KR7004000006,004000
KOSPI,롯데지주우,KR700499K014,00499K
KOSPI,롯데지주,KR7004990008,004990
KOSPI,롯데칠성우,KR7005301007,005305
KOSPI,롯데칠성,KR7005300009,005300
KOSPI,롯데케미칼,KR7011170008,011170
KOSPI,롯데하이마트,KR7071840003,071840
KOSDAQ,루닛,KR7328130000,328130
KOSDAQ,루멘스,KR7038060000,038060
KOSDAQ,루미르,KR7474170008,474170
KONEX,루켄테크놀러지스,KR7162120000,162120
KONEX,루트락,KR7253610000,253610
KOSDAQ GLOBAL,리가켐바이오,KR7141080002,141080
KOSDAQ GLOBAL,리노공업,KR7058470006,058470
KOSDAQ,리더스코스메틱,KR7016100000,016100
KOSDAQ,리드코프,KR7012700001,012700
KOSDAQ,리메드,KR7302550009,302550
KOSDAQ,리튬포어스,KR7073570004,073570
KOSDAQ,리파인,KR7377450002,377450
KOSDAQ,린드먼아시아,KR7277070009,277070
KOSDAQ,링네트,KR7042500009,042500
KOSDAQ,링크드,KR7193250008,193250
KOSDAQ,링크제니시스,KR7219420007,219420
KOSDAQ,마녀공장,KR7439090002,439090
KOSPI,마니커,KR7027740000,027740
KOSDAQ,마니커에프앤지,KR7195500004,195500
KOSPI,마스턴프리미어리츠,KR7357430008,357430
KOSDAQ,마음AI,KR7377480009,377480
KOSDAQ,마이크로디지탈,KR7305090003,305090
KONEX,마이크로엔엑스,KR7448780007,448780
KOSDAQ,마이크로투나노,KR7424980001,424980
KOSDAQ,엠브레인,KR7169330008,169330
KOSDAQ,마크로젠,KR7038290003,038290
KOSPI,만호제강,KR7001080001,001080
KOSDAQ,매일유업,KR7267980001,267980
KOSDAQ,매일홀딩스,KR7005990007,005990
KOSDAQ,매커스,KR7093520005,093520
KOSDAQ,맥스트,KR7377030002,377030
KOSPI,맥쿼리인프라,KR7088980008,088980
KONEX,머니무브,KR7179720008,179720
KOSDAQ,머큐리,KR7100590009,100590
KOSDAQ,멀티캠퍼스,KR7067280008,067280
KOSDAQ,메가스터디,KR7072870009,072870
KOSDAQ GLOBAL,메가스터디교육,KR7215200007,215200
KOSDAQ,메가엠디,KR7133750000,133750
KOSDAQ,메가터치,KR7446540007,446540
KOSDAQ,메드팩토,KR7235980000,235980
KONEX,메디쎄이,KR7200580009,200580
KOSDAQ,메디아나,KR7041920000,041920
KONEX,메디안디노스틱,KR7233250000,233250
KOSDAQ,메디앙스,KR7014100002,014100
KONEX,메디젠휴먼케어,KR7236340006,236340
KOSDAQ,메디콕스,KR7054180005,054180
KOSDAQ,메디톡스,KR7086900008,086900
KOSDAQ,메디포스트,KR7078160009,078160
KOSPI,메리츠금융지주,KR7138040001,138040
KOSDAQ,메쎄이상,KR7408920007,408920
KOSDAQ,메이슨캐피탈,KR7021880000,021880
KOSDAQ,메지온,KR7140410002,140410
KOSDAQ,메카로,KR7241770007,241770
KOSPI,메타랩스,KR7090370008,090370
KOSDAQ,메타바이오메드,KR7059210005,059210
KOSPI,메타케어,KR7118000009,118000
KOSDAQ,멕아이씨에스,KR7058110008,058110
KOSPI,명문제약,KR7017180001,017180
KOSPI,명신산업,KR7009900002,009900
KOSPI,모나리자,KR7012690004,012690
KOSPI,모나미,KR7005360003,005360
KOSPI,모나용평,KR7070960000,070960
KOSDAQ,모니터랩,KR7434480000,434480
KOSDAQ,모다이노칩,KR7080420003,080420
KOSDAQ,모델솔루션,KR7417970001,417970
KOSDAQ,모두투어,KR7080160005,080160
KOSDAQ,모바일어플라이언스,KR7087260006,087260
KOSDAQ,모베이스,KR7101330009,101330
KOSDAQ,모베이스전자,KR7012860003,012860
KOSDAQ,모비데이즈,KR7363260001,363260
KOSDAQ,모비릭스,KR7348030008,348030
KOSDAQ,모비스,KR7250060001,250060
KOSDAQ,모아데이타,KR7288980006,288980
KOSDAQ,모아라이프플러스,KR7142760008,142760
KOSDAQ,모아텍,KR7033200007,033200
KOSDAQ,모코엠시스,KR7333050003,333050
KOSPI,모토닉,KR7009680000,009680
KOSDAQ,모트렉스,KR7118990001,118990
KOSDAQ,모헨즈,KR7006920003,006920
KOSDAQ,MIT,KR7038340006,038340
KOSDAQ,무림SP,KR7001810001,001810
KOSPI,무림페이퍼,KR7009200007,009200
KOSPI,무림P&P,KR7009580002,009580
KONEX,무진메디,KR7322970005,322970
KOSPI,무학,KR7033920000,033920
KOSPI,문배철강,KR7008420002,008420
KOSDAQ,미디어젠,KR7279600001,279600
KOSDAQ,미래나노텍,KR7095500005,095500
KOSDAQ,미래반도체,KR7254490006,254490
KOSPI,미래산업,KR7025560004,025560
KOSDAQ,미래생명자원,KR7218150001,218150
KOSPI,미래아이앤지,KR7007120009,007120
KOSPI,미래에셋글로벌리츠,KR7396690000,396690
KOSDAQ,미래에셋드림스팩1호,KR7442900007,442900
KOSPI,미래에셋맵스리츠,KR7357250000,357250
KOSPI,맵스리얼티1,KR7094800000,094800
KOSDAQ,미래에셋벤처투자,KR7100790005,100790
KOSDAQ,미래에셋비전스팩2호,KR7446190001,446190
KOSDAQ,미래에셋비전스팩3호,KR7448830000,448830
KOSDAQ,미래에셋비전스팩4호,KR7477380000,477380
KOSDAQ,미래에셋비전스팩5호,KR7477470009,477470
KOSDAQ,미래에셋비전스팩6호,KR7478440001,478440
KOSDAQ,미래에셋비전스팩7호,KR7482680006,482680
KOSPI,미래에셋생명,KR7085620003,085620
KOSPI,미래에셋증권우,KR7006801005,006805
KOSPI,미래에셋증권2우B,KR700680K019,00680K
KOSPI,미래에셋증권,KR7006800007,006800
KONEX,미래엔에듀파트너,KR7208890004,208890
KOSDAQ,미래컴퍼니,KR7049950009,049950
KOSDAQ,미스터블루,KR7207760000,207760
KOSPI,미원상사,KR7002840007,002840
KOSPI,미원에스씨,KR7268280005,268280
KOSPI,미원홀딩스,KR7107590002,107590
KOSPI,미원화학,KR7134380005,134380
KONEX,미쥬,KR7351020003,351020
KOSPI,미창석유,KR7003650009,003650
KOSDAQ,미코,KR7059090001,059090
KOSDAQ,미코바이오메드,KR7214610008,214610
KOSDAQ,미투온,KR7201490000,201490
KOSDAQ,미트박스,KR7475460002,475460
KOSDAQ,민테크,KR7452200009,452200
KOSDAQ,밀리의서재,KR7418470001,418470
KOSDAQ,바디텍메드,KR7206640005,206640
KOSDAQ,바른손,KR7018700005,018700
KOSDAQ,바른손이앤에이,KR7035620004,035620
KONEX,바스칸바이오제약,KR7354390007,354390
KOSDAQ,바이넥스,KR7053030003,053030
KOSDAQ,바이브컴퍼니,KR7301300000,301300
KOSPI,바이오노트,KR7377740006,377740
KOSDAQ,바이오니아,KR7064550007,064550
KOSDAQ,바이오다인,KR7314930009,314930
KOSDAQ,바이오로그디바이스,KR7208710004,208710
KOSDAQ,바이오솔루션,KR7086820008,086820
KOSDAQ,바이오스마트,KR7038460002,038460
KOSDAQ,바이오에프디엔씨,KR7251120002,251120
KOSDAQ,바이오인프라,KR7199730003,199730
KONEX,바이오인프라생명과학,KR7266470004,266470
KONEX,바이오텐,KR7289170003,289170
KOSDAQ,바이오톡스텍,KR7086040003,086040
KONEX,바이오프로테크,KR7199290008,199290
KOSDAQ,바이오플러스,KR7099430001,099430
KOSDAQ,바이온,KR7032980005,032980
KOSDAQ,바이젠셀,KR7308080001,308080
KOSDAQ,바텍,KR7043150002,043150
KOSDAQ,박셀바이오,KR7323990002,323990
KOSPI,방림,KR7003610003,003610
KOSDAQ,배럴,KR7267790004,267790
KOSPI,백광산업,KR7001340009,001340
KOSDAQ,백금T&A,KR7046310009,046310
KOSPI,백산,KR7035150002,035150
KOSDAQ,밸로프,KR7331520007,331520
KOSDAQ,뱅크웨어글로벌,KR7199480005,199480
KOSDAQ,버넥트,KR7438700007,438700
KOSDAQ,버킷스튜디오,KR7066410002,066410
KOSPI,범양건영,KR7002410009,002410
KOSDAQ,범한퓨얼셀,KR7382900009,382900
KOSDAQ,베노티앤알,KR7206400004,206400
KOSDAQ,베뉴지,KR7019010008,019010
KOSDAQ,베셀,KR7177350006,177350
KOSDAQ,벡트,KR7457600005,457600
KOSDAQ,벨로크,KR7424760007,424760
KOSPI,벽산,KR7007210008,007210
KOSDAQ,보광산업,KR7225530005,225530
KOSDAQ,보라티알,KR7250000007,250000
KOSPI,보락,KR7002760007,002760
KOSPI,보령,KR7003850005,003850
KOSDAQ,보로노이,KR7310210000,310210
KOSDAQ,보성파워텍,KR7006910004,006910
KOSPI,보해양조,KR7000890004,000890
KOSDAQ,본느,KR7226340008,226340
KONEX,볼빅,KR7206950008,206950
KOSDAQ,부스타,KR7008470007,008470
KOSPI,부광약품,KR7003000007,003000
KOSPI,부국증권우,KR7001271006,001275
KOSPI,부국증권,KR7001270008,001270
KOSPI,부국철강,KR7026940007,026940
KOSDAQ,부방,KR7014470009,014470
KOSPI,부산산업,KR7011390002,011390
KOSPI,부산주공,KR7005030002,005030
KOSDAQ,뷰노,KR7338220007,338220
KOSDAQ,뷰웍스,KR7100120005,100120
KOSDAQ,뷰티스킨,KR7406820001,406820
KOSDAQ,브랜드엑스코퍼레이션,KR7337930002,337930
KOSDAQ,브레인즈컴퍼니,KR7099390007,099390
KOSDAQ,브리지텍,KR7064480007,064480
KOSDAQ,브릿지바이오테라퓨틱스,KR7288330004,288330
KOSDAQ,브이씨,KR7365900000,365900
KOSDAQ,브이엠,KR7089970008,089970
KOSDAQ,브이원텍,KR7251630000,251630
KOSDAQ,브이티,KR7018290007,018290
KOSDAQ,블랙야크아이앤씨,KR7478560006,478560
KOSDAQ,블루엠텍,KR7439580002,439580
KOSDAQ,블루콤,KR7033560004,033560
KONEX,블루탑,KR7191600006,191600
KOSDAQ,블리츠웨이스튜디오,KR7369370002,369370
KOSDAQ,비나텍,KR7126340009,126340
KOSDAQ,비덴트,KR7121800007,121800
KOSDAQ,비보존 제약,KR7082800004,082800
KOSDAQ,비비씨,KR7318410008,318410
KOSPI,비비안,KR7002070001,002070
KOSPI,비상교육,KR7100220003,100220
KOSDAQ,비스토스,KR7419540000,419540
KOSDAQ,비씨엔씨,KR7146320007,146320
KOSDAQ,비씨월드제약,KR7200780005,200780
KOSDAQ,비아이매트릭스,KR7413640004,413640
KOSDAQ,비아트론,KR7141000000,141000
KOSPI,비에이치,KR7090460007,090460
KOSDAQ,비에이치아이,KR7083650002,083650
KOSDAQ,BF랩스,KR7139050009,139050
KOSDAQ,비엔케이제1호스팩,KR7445360001,445360
KOSDAQ,비엔케이제2호스팩,KR7473370005,473370
KOSDAQ,비엘팜텍,KR7065170003,065170
KOSDAQ,비엠티,KR7086670007,086670
KOSDAQ,비올,KR7335890000,335890
KOSDAQ,비유테크놀러지,KR7230980005,230980
KOSDAQ,BGF에코머티리얼즈,KR7126600006,126600
KOSDAQ,비츠로셀,KR7082920000,082920
KOSDAQ,비츠로시스,KR7054220009,054220
KOSDAQ,비츠로테크,KR7042370007,042370
KOSDAQ,비케이홀딩스,KR7050090000,050090
KOSDAQ,비큐AI,KR7148780000,148780
KOSDAQ,비투엔,KR7307870006,307870
KOSDAQ,비트컴퓨터,KR7032850000,032850
KOSDAQ,비피도,KR7238200000,238200
KOSDAQ,빅솔론,KR7093190007,093190
KOSDAQ,빅텍,KR7065450009,065450
KOSDAQ,빌리언스,KR7044480002,044480
KOSPI,빙그레,KR7005180005,005180
KOSDAQ,빛과전자,KR7069540003,069540
KOSDAQ,빛샘전자,KR7072950009,072950
KONEX,뿌리깊은나무들,KR7266170000,266170
KOSDAQ,삐아,KR7451250005,451250
KOSDAQ,사람인,KR7143240000,143240
KOSDAQ,사이냅소프트,KR7466410008,466410
KOSPI,사조대림,KR7003960002,003960
KOSPI,사조동아원,KR7008040008,008040
KOSPI,사조산업,KR7007160005,007160
KOSPI,사조씨푸드,KR7014710008,014710
KOSPI,사조오양,KR7006090005,006090
KOSDAQ,사피엔반도체,KR7452430002,452430
KOSDAQ,산돌,KR7419120001,419120
KOSPI,산일전기,KR7062040001,062040
KOSDAQ,삼기,KR7122350002,122350
KOSDAQ,삼기이브이,KR7419050000,419050
KOSDAQ,삼륭물산,KR7014970008,014970
KOSDAQ,삼목에스폼,KR7018310003,018310
KONEX,삼미금속,KR7012210001,012210
KOSDAQ,삼보모터스,KR7053700001,053700
KOSDAQ,삼보산업,KR7009620006,009620
KOSDAQ,삼보판지,KR7023600000,023600
KOSPI,삼부토건,KR7001470004,001470
KOSPI,삼성E&A,KR7028050003,028050
KOSPI,삼성FN리츠,KR7448730002,448730
KOSPI,삼성SDI우,KR7006401004,006405
KOSPI,삼성SDI,KR7006400006,006400
KOSPI,삼성공조,KR7006660005,006660
KOSDAQ,삼성스팩6호,KR7425290004,425290
KOSDAQ,삼성스팩7호,KR7439250002,439250
KOSDAQ,삼성스팩8호,KR7448740001,448740
KOSDAQ,삼성스팩9호,KR7468510003,468510
KOSPI,삼성물산우B,KR702826K016,02826K
KOSPI,삼성물산,KR7028260008,028260
KOSPI,삼성바이오로직스,KR7207940008,207940
KOSPI,삼성생명,KR7032830002,032830
KOSPI,삼성에스디에스,KR7018260000,018260
KOSPI,삼성전기우,KR7009151002,009155
KOSPI,삼성전기,KR7009150004,009150
KOSPI,삼성전자우,KR7005931001,005935
KOSPI,삼성전자,KR7005930003,005930
KOSPI,삼성제약,KR7001360007,001360
KOSPI,삼성중공업,KR7010140002,010140
KOSPI,삼성증권,KR7016360000,016360
KOSPI,삼성출판사,KR7068290006,068290
KOSPI,삼성카드,KR7029780004,029780
KOSPI,삼성화재우,KR7000811000,000815
KOSPI,삼성화재,KR7000810002,000810
KOSPI,삼아알미늄,KR7006110001,006110
KOSDAQ,삼아제약,KR7009300005,009300
KOSPI,삼양사우,KR7145991006,145995
KOSPI,삼양사,KR7145990008,145990
KOSPI,삼양식품,KR7003230000,003230
KOSDAQ,삼양엔씨켐,KR7482630001,482630
KOSPI,삼양통상,KR7002170009,002170
KOSPI,삼양패키징,KR7272550005,272550
KOSPI,삼양홀딩스우,KR7000071001,000075
KOSPI,삼양홀딩스,KR7000070003,000070
KOSDAQ,3S,KR7060310000,060310
KOSPI,삼영무역,KR7002810000,002810
KOSPI,삼영,KR7003720000,003720
KOSDAQ,삼영에스앤씨,KR7361670003,361670
KOSDAQ,삼영엠텍,KR7054540000,054540
KOSDAQ,삼영이엔씨,KR7065570004,065570
KOSPI,삼영전자,KR7005680004,005680
KOSPI,삼원강재,KR7023000003,023000
KOSPI,삼익THK,KR7004380002,004380
KOSPI,삼익악기,KR7002450005,002450
KOSDAQ,삼일,KR7032280000,032280
KOSDAQ,삼일기업공사,KR7002290005,002290
KOSPI,삼일씨엔에스,KR7004440004,004440
KOSPI,삼일제약,KR7000520007,000520
KOSPI,삼정펄프,KR7009770009,009770
KOSDAQ,삼지전자,KR7037460003,037460
KOSDAQ,삼진,KR7032750002,032750
KOSDAQ,삼진엘앤디,KR7054090006,054090
KOSPI,삼진제약,KR7005500004,005500
KOSDAQ,삼천당제약,KR7000250001,000250
KOSPI,삼천리,KR7004690004,004690
KOSDAQ,삼천리자전거,KR7024950008,024950
KOSDAQ,삼표시멘트,KR7038500005,038500
KOSDAQ,삼현,KR7437730005,437730
KOSDAQ,삼현철강,KR7017480005,017480
KOSPI,삼호개발,KR7010960003,010960
KOSDAQ,삼화네트웍스,KR7046390001,046390
KOSPI,삼화왕관,KR7004450003,004450
KOSPI,삼화전기,KR7009470006,009470
KOSPI,삼화전자,KR7011230000,011230
KOSPI,삼화콘덴서,KR7001820000,001820
KOSPI,삼화페인트,KR7000390005,000390
KOSDAQ,상보,KR7027580000,027580
KOSDAQ,상상인,KR7038540001,038540
KOSDAQ,상상인제4호스팩,KR7452670003,452670
KOSPI,상상인증권,KR7001290006,001290
KOSPI,상신브레이크,KR7041650003,041650
KOSDAQ,상신이디피,KR7091580001,091580
KOSDAQ,상신전자,KR7263810004,263810
KOSDAQ,상아프론테크,KR7089980007,089980
KOSDAQ,상지건설,KR7042940007,042940
KOSDAQ,새로닉스,KR7042600007,042600
KOSPI,새론오토모티브,KR7075180000,075180
KOSDAQ,새빗켐,KR7107600009,107600
KOSDAQ,샌즈랩,KR7411080005,411080
KOSDAQ,샘씨엔에스,KR7252990007,252990
KOSPI,샘표,KR7007540008,007540
KOSPI,샘표식품,KR7248170003,248170
KOSDAQ,샤페론,KR7378800007,378800
KOSDAQ,서남,KR7294630009,294630
KOSDAQ,서린바이오,KR7038070009,038070
KOSDAQ,서부T&D,KR7006730006,006730
KOSDAQ,서산,KR7079650008,079650
KOSDAQ,서암기계공업,KR7100660000,100660
KOSPI,서연,KR7007860000,007860
KOSPI,서연이화,KR7200880003,200880
KOSDAQ,서연탑메탈,KR7019770007,019770
KOSPI,서울가스,KR7017390006,017390
KOSDAQ,서울리거,KR7043710003,043710
KOSDAQ,서울바이오시스,KR7092190008,092190
KOSDAQ GLOBAL,서울반도체,KR7046890000,046890
KOSPI,서울식품우,KR7004411005,004415
KOSPI,서울식품,KR7004410007,004410
KOSDAQ,서울옥션,KR7063170005,063170
KOSDAQ,서울전자통신,KR7027040005,027040
KOSDAQ,서울제약,KR7018680009,018680
KOSPI,서원,KR7021050000,021050
KOSDAQ,서원인텍,KR7093920007,093920
KOSDAQ,서전기전,KR7189860000,189860
KOSDAQ,서진시스템,KR7178320008,178320
KOSDAQ,서진오토모티브,KR7122690001,122690
KOSDAQ,서플러스글로벌,KR7140070004,140070
KOSDAQ,서한,KR7011370004,011370
KOSDAQ,서호전기,KR7065710006,065710
KOSPI,서흥,KR7008490005,008490
KOSDAQ,서희건설,KR7035890003,035890
KOSDAQ,석경에이티,KR7357550003,357550
KOSDAQ,선광,KR7003100005,003100
KOSPI,선도전기,KR7007610009,007610
KOSDAQ,선바이오,KR7067370007,067370
KOSDAQ,선샤인푸드,KR7217620004,217620
KOSPI,SUN&L,KR7002820009,002820
KOSDAQ,선익시스템,KR7171090004,171090
KOSPI,선진,KR7136490000,136490
KOSDAQ,선진뷰티사이언스,KR7086710001,086710
KOSDAQ,성광벤드,KR7014620009,014620
KOSDAQ,성도이엔지,KR7037350006,037350
KOSPI,성문전자우,KR7014911002,014915
KOSPI,성문전자,KR7014910004,014910
KOSPI,성보화학,KR7003080009,003080
KOSPI,성신양회우,KR7004981007,004985
KOSPI,성신양회,KR7004980009,004980
KOSPI,성안머티리얼스,KR7011300001,011300
KOSDAQ,성우,KR7458650009,458650
KOSDAQ,성우전자,KR7081580003,081580
KOSDAQ,성우테크론,KR7045300001,045300
KOSDAQ,성우하이텍,KR7015750003,015750
KOSDAQ,성일하이텍,KR7365340009,365340
KOSPI,성창기업지주,KR7000180000,000180
KOSDAQ,성창오토텍,KR7080470008,080470
KOSDAQ,성호전자,KR7043260009,043260
KOSDAQ,세경하이테크,KR7148150006,148150
KOSPI,세기상사,KR7002420008,002420
KOSDAQ,세니젠,KR7188260004,188260
KOSDAQ,세동,KR7053060000,053060
KOSDAQ,세림B&G,KR7340440007,340440
KOSDAQ,세명전기,KR7017510009,017510
KOSPI,세방우,KR7004361002,004365
KOSPI,세방,KR7004360004,004360
KOSPI,세방전지,KR7004490009,004490
KOSDAQ,세보엠이씨,KR7011560000,011560
KONEX,세븐브로이맥주,KR7267080000,267080
KOSDAQ,세아메카닉스,KR7396300006,396300
KOSPI,세아베스틸지주,KR7001430008,001430
KOSPI,세아제강,KR7306200007,306200
KOSPI,세아제강지주,KR7003030004,003030
KOSPI,세아특수강,KR7019440007,019440
KOSPI,세아홀딩스,KR7058650003,058650
KOSPI,세우글로벌,KR7013000005,013000
KOSDAQ,세운메디칼,KR7100700004,100700
KOSDAQ,세원물산,KR7024830002,024830
KOSPI,세원이앤씨,KR7091090001,091090
KOSPI,세원정공,KR7021820006,021820
KOSPI,세이브존I&C,KR7067830000,067830
KOSDAQ,세종메디칼,KR7258830009,258830
KOSDAQ,세종텔레콤,KR7036630002,036630
KOSDAQ,세중,KR7039310008,039310
KOSPI,세진중공업,KR7075580001,075580
KOSDAQ,세진티에스,KR7067770008,067770
KOSDAQ,세코닉스,KR7053450003,053450
KOSDAQ,세토피아,KR7222810004,222810
KOSDAQ,세화피앤씨,KR7252500004,252500
KOSDAQ,센서뷰,KR7321370009,321370
KOSDAQ,센코,KR7347000002,347000
KOSDAQ,셀레믹스,KR7331920009,331920
KOSDAQ,셀로맥스사이언스,KR7471820001,471820
KOSDAQ,셀루메드,KR7049180003,049180
KOSDAQ,셀리드,KR7299660001,299660
KOSDAQ,셀리버리,KR7268600004,268600
KOSDAQ,셀바스AI,KR7108860008,108860
KOSDAQ,셀바스헬스케어,KR7208370007,208370
KOSDAQ,셀바이오휴먼텍,KR7318160009,318160
KOSDAQ,셀비온,KR7308430008,308430
KOSPI,셀트리온,KR7068270008,068270
KOSDAQ,셀트리온제약,KR7068760008,068760
KOSDAQ,셀피글로벌,KR7068940006,068940
KOSDAQ,소니드,KR7060230000,060230
KOSDAQ,소룩스,KR7290690007,290690
KOSDAQ,소마젠,KR8840150005,950200
KOSDAQ,소프트센,KR7032680001,032680
KOSDAQ,소프트센우,KR7032681009,032685
KOSDAQ,소프트캠프,KR7258790005,258790
KOSDAQ,손오공,KR7066910001,066910
KOSPI,솔루스첨단소재1우,KR733637K010,33637K
KOSPI,솔루스첨단소재2우B,KR733637K028,33637L
KOSPI,솔루스첨단소재,KR7336370002,336370
KOSPI,솔루엠,KR7248070005,248070
KOSDAQ,솔본,KR7035610005,035610
KOSDAQ,솔브레인,KR7357780006,357780
KOSDAQ GLOBAL,솔브레인홀딩스,KR7036830008,036830
KOSDAQ,솔트룩스,KR7304100001,304100
KOSDAQ,솔트웨어,KR7328380001,328380
KOSPI,송원산업,KR7004430005,004430
KOSDAQ,쇼박스,KR7086980000,086980
KOSDAQ,수산아이앤티,KR7050960004,050960
KOSPI,수산인더스트리,KR7126720002,126720
KOSPI,수산중공업,KR7017550005,017550
KOSDAQ,수성웹툰,KR7084180009,084180
KOSDAQ,수젠텍,KR7253840003,253840
KOSDAQ GLOBAL,SOOP,KR7067160002,067160
KOSDAQ,슈어소프트테크,KR7298830001,298830
KOSDAQ,슈프리마,KR7236200002,236200
KOSDAQ,슈프리마에이치큐,KR7094840006,094840
KOSDAQ,슈피겐코리아,KR7192440006,192440
KOSDAQ,스마트레이더시스템,KR7424960003,424960
KOSDAQ,스맥,KR7099440000,099440
KOSDAQ,스카이월드와이드,KR7357880004,357880
KOSDAQ,스코넥,KR7276040003,276040
KOSDAQ,스킨앤스킨,KR7159910009,159910
KOSPI,스타에스엠리츠,KR7204210009,204210
KOSDAQ,스타코링크,KR7060240009,060240
KOSDAQ,스타플렉스,KR7115570004,115570
KOSDAQ,스톤브릿지벤처스,KR7330730003,330730
KOSDAQ,스톰테크,KR7352090005,352090
KOSDAQ,스튜디오산타클로스,KR7204630008,204630
KOSDAQ GLOBAL,스튜디오드래곤,KR7253450001,253450
KOSDAQ,스튜디오미르,KR7408900009,408900
KOSDAQ,스튜디오삼익,KR7415380005,415380
KOSPI,스틱인베스트먼트,KR7026890004,026890
KOSDAQ,스페코,KR7013810007,013810
KOSDAQ,승일,KR7049830003,049830
KOSDAQ,시공테크,KR7020710000,020710
KOSDAQ,시그네틱스,KR7033170002,033170
KOSDAQ,시너지이노베이션,KR7048870000,048870
KOSDAQ,시노펙스,KR7025320003,025320
KOSPI,시디즈,KR7134790005,134790
KOSDAQ,시스웍,KR7269620001,269620
KOSPI,CR홀딩스,KR7000480004,000480
KOSDAQ,시지메드텍,KR7056090004,056090
KOSDAQ,시지트로닉스,KR7429270002,429270
KOSDAQ,시큐레터,KR7418250007,418250
KOSDAQ,시큐브,KR7131090003,131090
KOSDAQ,시큐센,KR7232830000,232830
KOSPI,시프트업,KR7462870007,462870
KOSPI,신대양제지,KR7016590002,016590
KOSDAQ,신도기연,KR7290520006,290520
KOSPI,신도리코,KR7029530003,029530
KOSPI,신라교역,KR7004970000,004970
KOSDAQ,신라섬유,KR7001000009,001000
KOSDAQ,신라에스지,KR7025870007,025870
KOSDAQ,신라젠,KR7215600008,215600
KOSDAQ,신성델타테크,KR7065350001,065350
KOSDAQ,신성에스티,KR7416180008,416180
KOSPI,신성이엔지,KR7011930005,011930
KOSPI,신성통상,KR7005390000,005390
KOSPI,신세계건설,KR7034300004,034300
KOSPI,신세계,KR7004170007,004170
KOSPI,신세계 I&C,KR7035510007,035510
KOSPI,신세계인터내셔날,KR7031430002,031430
KOSPI,신세계푸드,KR7031440001,031440
KOSPI,신송홀딩스,KR7006880009,006880
KOSDAQ,신스틸,KR7162300008,162300
KOSDAQ,신시웨이,KR7290560002,290560
KOSDAQ,신신제약,KR7002800001,002800
KOSPI,신영와코루,KR7005800008,005800
KOSPI,신영증권,KR7001720002,001720
KOSDAQ,신영스팩10호,KR7472220003,472220
KOSDAQ,신영스팩8호,KR7430220004,430220
KOSDAQ,신영스팩9호,KR7445970007,445970
KOSPI,신원,KR7009270000,009270
KOSDAQ,신원종합개발,KR7017000001,017000
KOSPI,신일전자,KR7002700003,002700
KOSDAQ,신일제약,KR7012790002,012790
KOSDAQ,신진에스엠,KR7138070008,138070
KOSDAQ,신테카바이오,KR7226330009,226330
KOSPI,신풍,KR7002870004,002870
KOSPI,신풍제약우,KR7019171008,019175
KOSPI,신풍제약,KR7019170000,019170
KOSPI,신한글로벌액티브리츠,KR7481850006,481850
KOSPI,신한지주,KR7055550008,055550
KOSPI,신한서부티엔디리츠,KR7404990004,404990
KOSPI,신한알파리츠,KR7293940003,293940
KOSDAQ,신한제10호스팩,KR7418210001,418210
KOSDAQ,신한제11호스팩,KR7452980006,452980
KOSDAQ,신한제12호스팩,KR7474660008,474660
KOSDAQ,신한제13호스팩,KR7474930005,474930
KOSDAQ,신한제14호스팩,KR7487360000,487360
KOSDAQ,신한제15호스팩,KR7487830002,487830
KOSDAQ,신화인터텍,KR7056700008,056700
KOSDAQ,신화콘텍,KR7187270004,187270
KOSPI,신흥,KR7004080008,004080
KOSDAQ,신흥에스이씨,KR7243840006,243840
KOSDAQ,실리콘투,KR7257720003,257720
KOSDAQ GLOBAL,심텍,KR7222800005,222800
KOSDAQ,심텍홀딩스,KR7036710002,036710
KOSDAQ,싸이맥스,KR7160980009,160980
KOSDAQ,싸이버원,KR7356890004,356890
KOSDAQ,싸이토젠,KR7217330000,217330
KOSPI,쌍방울,KR7102280005,102280
KOSPI,써니전자,KR7004770004,004770
KONEX,썬테크,KR7217320001,217320
KOSDAQ,썸에이지,KR7208640003,208640
KOSDAQ,쎄노텍,KR7222420002,222420
KOSDAQ,쎄니트,KR7037760006,037760
KOSDAQ,쎄트렉아이,KR7099320004,099320
KOSDAQ,쎌바이오텍,KR7049960008,049960
KOSDAQ,쏘닉스,KR7088280003,088280
KOSPI,쏘카,KR7403550007,403550
KOSDAQ,쏠리드,KR7050890003,050890
KOSDAQ,쓰리빌리언,KR7394800007,394800
KOSDAQ,쓰리에이로직스,KR7177900008,177900
KOSDAQ,씨메스,KR7475400008,475400
KOSDAQ,CBI,KR7013720008,013720
KOSDAQ,씨싸이트,KR7109670000,109670
KOSDAQ,씨씨에스,KR7066790007,066790
KOSDAQ,씨아이에스,KR7222080004,222080
KOSPI,씨아이테크,KR7004920005,004920
KONEX,씨알푸드,KR7236030003,236030
KONEX,씨앗,KR7103660007,103660
KOSDAQ,씨앤씨인터내셔널,KR7352480008,352480
KONEX,씨앤에스링크,KR7245450002,245450
KOSDAQ,CNH,KR7023460009,023460
KOSDAQ,씨앤지하이테크,KR7264660002,264660
KOSDAQ,씨앤투스,KR7352700009,352700
KOSDAQ,CNT85,KR7056730005,056730
KOSDAQ,씨어스테크놀로지,KR7458870003,458870
KOSDAQ,CS,KR7065770000,065770
KOSDAQ,씨에스베어링,KR7297090003,297090
KOSDAQ,CSA 코스믹,KR7083660001,083660
KOSPI,씨에스윈드,KR7112610001,112610
KOSDAQ,씨엑스아이,KYG2114A1094,900120
KOSDAQ,씨엔알리서치,KR7359090008,359090
KOSDAQ,씨엔플러스,KR7115530008,115530
KOSDAQ,씨유메디칼,KR7115480006,115480
KOSDAQ,씨유박스,KR7340810001,340810
KOSDAQ,씨유테크,KR7376290003,376290
KOSDAQ,씨이랩,KR7189330004,189330
KOSPI,CJ대한통운,KR7000120006,000120
KOSDAQ,CJ 바이오사이언스,KR7311690002,311690
KOSPI,CJ CGV,KR7079160008,079160
KOSDAQ GLOBAL,CJ ENM,KR7035760008,035760
KOSPI,CJ제일제당 우,KR7097951008,097955
KOSPI,CJ제일제당,KR7097950000,097950
KOSDAQ,CJ프레시웨이,KR7051500007,051500
KOSDAQ,씨젠,KR7096530001,096530
KOSDAQ,CG인바이츠,KR7083790006,083790
KOSDAQ,씨큐브,KR7101240000,101240
KOSDAQ,씨티씨바이오,KR7060590007,060590
KOSPI,씨티알모빌리티,KR7308170000,308170
KOSDAQ,씨티케이,KR7260930003,260930
KOSDAQ,씨피시스템,KR7413630005,413630
KOSDAQ,아가방컴퍼니,KR7013990007,013990
KOSDAQ,아나패스,KR7123860009,123860
KOSDAQ,아난티,KR7025980004,025980
KOSPI,아남전자,KR7008700007,008700
KOSDAQ,아모그린텍,KR7125210005,125210
KOSPI,아모레G우,KR7002791002,002795
KOSPI,아모레G3우(전환),KR700279K010,00279K
KOSPI,아모레G,KR7002790004,002790
KOSPI,아모레퍼시픽우,KR7090431008,090435
KOSPI,아모레퍼시픽,KR7090430000,090430
KOSDAQ,아모텍,KR7052710001,052710
KOSDAQ,아미노로직스,KR7074430000,074430
KOSDAQ,아미코젠,KR7092040005,092040
KOSDAQ,아바코,KR7083930008,083930
KOSDAQ,아바텍,KR7149950008,149950
KOSDAQ,아비코전자,KR7036010007,036010
KOSPI,아세아,KR7002030005,002030
KOSPI,아세아시멘트,KR7183190008,183190
KOSPI,아세아제지,KR7002310001,002310
KOSDAQ,아세아텍,KR7050860006,050860
KOSPI,아센디오,KR7012170007,012170
KOSDAQ,아셈스,KR7136410008,136410
KOSDAQ,아스타,KR7246720007,246720
KOSDAQ,아스테라시스,KR7450950001,450950
KOSDAQ,아스트,KR7067390005,067390
KOSDAQ,아스플로,KR7159010008,159010
KOSDAQ,아시아경제,KR7127710002,127710
KOSPI,아시아나IDT,KR7267850006,267850
KOSPI,아시아나항공,KR7020560009,020560
KOSDAQ,아우딘퓨쳐스,KR7227610003,227610
KOSDAQ,아이디스,KR7143160000,143160
KOSDAQ,아이디스홀딩스,KR7054800008,054800
KOSDAQ,아이디피,KR7332370006,332370
KOSPI,아이마켓코리아,KR7122900004,122900
KOSDAQ,아이비김영,KR7339950008,339950
KOSDAQ,아이비젼웍스,KR7469750004,469750
KOSDAQ,IBKS제20호스팩,KR7439730003,439730
KOSDAQ,IBKS제21호스팩,KR7442770004,442770
KOSDAQ,IBKS제22호스팩,KR7448760009,448760
KOSDAQ,IBKS제23호스팩,KR7467930004,467930
KOSDAQ,IBKS제24호스팩,KR7469480008,469480
KOSDAQ,아이빔테크놀로지,KR7460470008,460470
KOSDAQ,아이센스,KR7099190001,099190
KOSDAQ,아이스크림미디어,KR7461300006,461300
KOSDAQ,아이스크림에듀,KR7289010001,289010
KOSDAQ,아이쓰리시스템,KR7214430001,214430
KOSDAQ,아이씨디,KR7040910002,040910
KOSDAQ,아이씨에이치,KR7368600003,368600
KOSDAQ,아이씨티케이,KR7456010008,456010
KOSDAQ,아이앤씨,KR7052860004,052860
KOSDAQ,아이언디바이스,KR7464500008,464500
KOSPI,아이에스동서,KR7010780005,010780
KOSDAQ,ISC,KR7095340006,095340
KOSDAQ,아이에이,KR7038880001,038880
KOSDAQ,아이엘사이언스,KR7307180000,307180
KOSDAQ,아이엠,KR7101390003,101390
KOSDAQ,아이엠비디엑스,KR7461030009,461030
KOSDAQ,iMBC,KR7052220001,052220
KONEX,아이엠지티,KR7456570001,456570
KOSDAQ,아이엠티,KR7451220008,451220
KONEX,아이오바이오,KR7447690009,447690
KOSDAQ,아이윈,KR7090150004,090150
KOSDAQ,아이윈플러스,KR7123010001,123010
KOSDAQ,아이즈비전,KR7031310006,031310
KOSDAQ,아이지넷,KR7462980004,462980
KOSDAQ,아이진,KR7185490000,185490
KOSDAQ,아이컴포넌트,KR7059100008,059100
KONEX,아이케이세미콘,KR7149010001,149010
KOSDAQ,아이퀘스트,KR7262840002,262840
KOSDAQ,아이큐어,KR7175250000,175250
KOSDAQ,아이크래프트,KR7052460003,052460
KOSDAQ,아이텍,KR7119830008,119830
KOSDAQ,아이톡시,KR7052770005,052770
KOSDAQ,아이티센,KR7124500000,124500
KOSDAQ,아이티센엔텍,KR7010280006,010280
KONEX,아이티센코어,KR7243870003,243870
KOSDAQ,아이티아이즈,KR7372800003,372800
KOSDAQ GLOBAL,아이티엠반도체,KR7084850007,084850
KOSDAQ,아이패밀리에스씨,KR7114840002,114840
KOSPI,아주스틸,KR7139990006,139990
KOSDAQ,아주IB투자,KR7027360007,027360
KOSDAQ,아즈텍WB,KR7032080004,032080
KOSDAQ,아진산업,KR7013310008,013310
KOSDAQ,아진엑스텍,KR7059120006,059120
KOSPI,아진전자부품,KR7009320003,009320
KOSDAQ,아크솔루션스,KR7203690003,203690
KOSDAQ,아톤,KR7158430009,158430
KOSDAQ,아티스트스튜디오,KR7200350007,200350
KOSDAQ,아티스트유나이티드,KR7321820003,321820
KONEX,아퓨어스,KR7149300006,149300
KONEX,아하,KR7102950003,102950
KOSDAQ,안국약품,KR7001540004,001540
KOSDAQ,안랩,KR7053800009,053800
KONEX,안지오랩,KR7251280004,251280
KOSDAQ,안트로젠,KR7065660003,065660
KOSDAQ,알로이스,KR7297570004,297570
KOSPI,알루코,KR7001780006,001780
KOSDAQ,알리코제약,KR7260660006,260660
KOSDAQ,알멕,KR7354320004,354320
KOSDAQ,알비더블유,KR7361570005,361570
KOSDAQ,알서포트,KR7131370009,131370
KOSDAQ,알에스오토메이션,KR7140670001,140670
KOSDAQ,RF머트리얼즈,KR7327260006,327260
KOSDAQ,알에프세미,KR7096610001,096610
KOSDAQ,RF시스템즈,KR7474610003,474610
KOSDAQ,RFHIC,KR7218410009,218410
KOSDAQ,알에프텍,KR7061040002,061040
KOSDAQ,알엔투테크놀로지,KR7148250004,148250
KOSDAQ,알체라,KR7347860009,347860
KOSDAQ GLOBAL,알테오젠,KR7196170005,196170
KOSDAQ,알톤,KR7123750002,123750
KOSDAQ,알티캐스트,KR7085810000,085810
KOSDAQ,알파녹스,KR7043100007,043100
KOSDAQ,알파홀딩스,KR7117670000,117670
KOSDAQ,알피바이오,KR7314140005,314140
KOSDAQ,압타머사이언스,KR7291650000,291650
KOSDAQ,압타바이오,KR7293780003,293780
KOSPI,애경산업,KR7018250001,018250
KOSPI,애경케미칼,KR7161000005,161000
KONEX,애니메디솔루션,KR7390110005,390110
KOSDAQ,애니젠,KR7196300008,196300
KOSDAQ,애니플러스,KR7310200001,310200
KOSDAQ,애닉,KR7299910000,299910
KOSDAQ,애드바이오텍,KR7179530001,179530
KOSDAQ,애머릿지,USU652221081,900100
KOSDAQ,액션스퀘어,KR7205500002,205500
KOSDAQ,액토즈소프트,KR7052790003,052790
KOSDAQ,액트로,KR7290740000,290740
KOSDAQ,앤디포스,KR7238090005,238090
KOSDAQ,앤씨앤,KR7092600006,092600
KOSDAQ,앱코,KR7129890000,129890
KOSDAQ,앱클론,KR7174900001,174900
KOSDAQ,앱트뉴로사이언스,KR7270520000,270520
KOSDAQ,야스,KR7255440000,255440
KOSDAQ,양지사,KR7030960009,030960
KOSDAQ,어보브반도체,KR7102120003,102120
KOSDAQ,얼라인드,KR7238120000,238120
KONEX,엄지하우스,KR7224810002,224810
KOSDAQ,에너토크,KR7019990001,019990
KOSPI,에넥스,KR7011090008,011090
KOSDAQ,에브리봇,KR7270660004,270660
KOSDAQ,에스넷,KR7038680005,038680
KOSPI,에스디바이오센서,KR7137310009,137310
KOSDAQ,에스디생명공학,KR7217480003,217480
KOSDAQ,에스디시스템,KR7121890008,121890
KOSDAQ,SDN,KR7099220006,099220
KOSDAQ,에스바이오메딕스,KR7304360001,304360
KOSDAQ,SV인베스트먼트,KR7289080004,289080
KOSDAQ,에스비비테크,KR7389500000,389500
KOSDAQ,SBI인베스트먼트,KR7019550003,019550
KOSPI,SBS,KR7034120006,034120
KOSDAQ,에스씨디,KR7042110007,042110
KOSDAQ,SCI평가정보,KR7036120004,036120
KOSDAQ,SCL사이언스,KR7246960009,246960
KOSDAQ,에스씨엠생명과학,KR7298060005,298060
KOSDAQ,에스아이리소스,KR7065420002,065420
KONEX,에스알바이오텍,KR7270210008,270210
KOSDAQ,에스앤더블류,KR7103230009,103230
KOSDAQ,에스앤디,KR7260970009,260970
KOSDAQ,에스앤에스텍,KR7101490001,101490
KOSDAQ,에스에너지,KR7095910006,095910
KOSDAQ,에스에스알,KR7275630002,275630
KOSDAQ,SAMG엔터,KR7419530001,419530
KOSDAQ,에스에이엠티,KR7031330004,031330
KOSDAQ,에스에이티이엔지,KR7351320007,351320
KOSDAQ,에스에이티,KR7060540002,060540
KOSDAQ GLOBAL,에스에프에이,KR7056190002,056190
KOSDAQ,SFA반도체,KR7036540003,036540
KOSDAQ,S&K폴리텍,KR7091340000,091340
KOSPI,에스엘,KR7005850003,005850
KOSDAQ,에스엘에스바이오,KR7246250005,246250
KONEX,에스엘테라퓨틱스,KR7258540004,258540
KOSDAQ,SM Life Design,KR7063440002,063440
KOSPI,에스엠벡셀,KR7010580009,010580
KOSDAQ,에스엠,KR7041510009,041510
KOSDAQ,SM C&C,KR7048550008,048550
KOSDAQ,에스엠코어,KR7007820004,007820
KOSDAQ,에스오에스랩,KR7464080001,464080
KOSDAQ,에스와이,KR7109610006,109610
KOSDAQ,에스와이스틸텍,KR7365330000,365330
KOSPI,에스원,KR7012750006,012750
KOSDAQ,에스제이그룹,KR7306040007,306040
KOSPI,SJG세종,KR7033530007,033530
KONEX,에스제이켐,KR7217910009,217910
KOSPI,SG세계물산,KR7004060000,004060
KOSDAQ,SGC E&C,KR7016250003,016250
KOSDAQ,SGA,KR7049470008,049470
KOSDAQ,SGA솔루션즈,KR7184230001,184230
KOSDAQ,SG&G,KR7040610008,040610
KOSDAQ,SG,KR7255220006,255220
KOSDAQ,에스지헬스케어,KR7398120006,398120
KOSPI,SK디스커버리우,KR7006121008,006125
KOSPI,SK디스커버리,KR7006120000,006120
KOSPI,SK바이오사이언스,KR7302440003,302440
KOSPI,SK바이오팜,KR7326030004,326030
KOSPI,SK이터닉스,KR7475150009,475150
KOSDAQ,에스케이증권제10호스팩,KR7457940005,457940
KOSDAQ,에스케이증권제11호스팩,KR7472230002,472230
KOSDAQ,에스케이증권제12호스팩,KR7473000008,473000
KOSDAQ,에스케이증권제13호스팩,KR7473950004,473950
KOSDAQ,에스케이증권제8호스팩,KR7435870001,435870
KOSDAQ,에스케이증권제9호스팩,KR7455910000,455910
KOSPI,SK하이닉스,KR7000660001,000660
KOSDAQ,에스켐,KR7475660007,475660
KOSDAQ,에스코넥,KR7096630009,096630
KOSDAQ,에스텍,KR7069510006,069510
KOSDAQ,에스트래픽,KR7234300002,234300
KOSDAQ,에스티아이,KR7039440003,039440
KOSDAQ,에스티오,KR7098660004,098660
KOSDAQ,에스티큐브,KR7052020005,052020
KOSDAQ GLOBAL,에스티팜,KR7237690003,237690
KOSDAQ,에스폴리텍,KR7050760008,050760
KOSDAQ,에스퓨얼셀,KR7288620008,288620
KOSDAQ,에스피소프트,KR7443670005,443670
KOSDAQ,에스피시스템스,KR7317830008,317830
KOSDAQ,에스피지,KR7058610007,058610
KOSDAQ,에쎈테크,KR7043340009,043340
KOSPI,에쓰씨엔지니어링,KR7023960008,023960
KOSDAQ,에어레인,KR7163280001,163280
KOSPI,에어부산,KR7298690009,298690
KOSDAQ,에이디칩스,KR7054630009,054630
KOSDAQ,에이디테크놀로지,KR7200710002,200710
KOSDAQ,에이럭스,KR7475580007,475580
KOSDAQ,에이루트,KR7096690003,096690
KOSPI,에이블씨엔씨,KR7078520004,078520
KOSDAQ,에이비엘바이오,KR7298380007,298380
KOSDAQ,에이비온,KR7203400007,203400
KOSDAQ,에이비프로바이오,KR7195990007,195990
KOSDAQ,에이스침대,KR7003800000,003800
KOSDAQ,에이스테크,KR7088800008,088800
KOSDAQ,에이스토리,KR7241840008,241840
KONEX,에이아이더뉴트리진,KR7311960009,311960
KOSDAQ,에이에스텍,KR7453860009,453860
KOSDAQ,에이에프더블류,KR7312610009,312610
KOSPI,에이엔피,KR7015260003,015260
KOSDAQ,에이엘티,KR7172670002,172670
KONEX,에이엠시지,KR7495900003,495900
KONEX,에이원알폼,KR7234070001,234070
KOSPI,에이리츠,KR7140910001,140910
KOSDAQ,에이직랜드,KR7445090004,445090
KOSPI,HDC랩스,KR7039570007,039570
KOSPI,HDC현대EP,KR7089470009,089470
KOSPI,HD한국조선해양,KR7009540006,009540
KOSPI,HD현대건설기계,KR7267270007,267270
KOSPI,HD현대마린솔루션,KR7443060009,443060
KOSPI,HD현대마린엔진,KR7071970008,071970
KOSPI,HD현대미포,KR7010620003,010620
KOSPI,HD현대,KR7267250009,267250
KOSPI,HD현대에너지솔루션,KR7322000001,322000
KOSPI,HD현대인프라코어,KR7042670000,042670
KOSPI,HD현대일렉트릭,KR7267260008,267260
KOSPI,HD현대중공업,KR7329180004,329180
KOSDAQ,에이치브이엠,KR7295310007,295310
KOSDAQ,HB솔루션,KR7297890006,297890
KOSDAQ,HB인베스트먼트,KR7440290005,440290
KOSDAQ,HB테크놀러지,KR7078150000,078150
KOSDAQ,에이치시티,KR7072990005,072990
KOSDAQ,HRS,KR7036640001,036640
KOSPI,HS화성,KR7002460004,002460
KOSPI,HS효성,KR7487570004,487570
KOSPI,HS효성첨단소재,KR7298050006,298050
KOSDAQ,에이치엔에스하이텍,KR7044990000,044990
KOSDAQ,HLB,KR7028300002,028300
KOSPI,HLB글로벌,KR7003580008,003580
KOSDAQ,HLB바이오스텝,KR7278650007,278650
KONEX,HLB사이언스,KR7343090007,343090
KOSDAQ,HLB생명과학,KR7067630004,067630
KOSDAQ,HLB제넥스,KR7187420005,187420
KOSDAQ,HLB제약,KR7047920004,047920
KOSDAQ,HLB테라퓨틱스,KR7115450009,115450
KOSDAQ,HLB파나진,KR7046210001,046210
KOSDAQ,에이치엘사이언스,KR7239610009,239610
KOSDAQ,에이치엠씨제6호스팩,KR7462020009,462020
KOSDAQ,에이치엠씨제7호스팩,KR7477340004,477340
KOSPI,HMM,KR7011200003,011200
KOSDAQ,에이치와이티씨,KR7148930001,148930
KOSDAQ,에이치이엠파마,KR7376270005,376270
KOSDAQ,에이치케이,KR7044780005,044780
KOSDAQ GLOBAL,HK이노엔,KR7195940002,195940
KOSDAQ GLOBAL,HPSP,KR7403870009,403870
KOSDAQ,에이치피오,KR7357230002,357230
KOSDAQ,에이텀,KR7355690009,355690
KOSDAQ,에이테크솔루션,KR7071670004,071670
KOSDAQ,에이텍,KR7045660008,045660
KOSDAQ,에이텍모빌리티,KR7224110007,224110
KOSDAQ,에이티넘인베스트,KR7021080007,021080
KOSDAQ,에이팩트,KR7200470003,200470
KONEX,에이펙스인텍,KR7207490004,207490
KOSDAQ,에이프로,KR7262260003,262260
KOSPI,에이프로젠바이오로직스,KR7003060001,003060
KOSPI,에이프로젠,KR7007460009,007460
KOSDAQ,에이프릴바이오,KR7397030008,397030
KOSPI,에이플러스에셋,KR7244920005,244920
KOSDAQ,AP시스템,KR7265520007,265520
KOSPI,에이피알,KR7278470000,278470
KOSDAQ,APS,KR7054620000,054620
KOSDAQ,AP위성,KR7211270004,211270
KOSDAQ,AP헬스케어,KR7109960005,109960
KOSDAQ,에치에프알,KR7230240004,230240
KOSDAQ,에코마케팅,KR7230360000,230360
KOSDAQ,에코바이오,KR7038870002,038870
KOSDAQ,에코볼트,KR7097780001,097780
KOSDAQ,에코아이,KR7448280008,448280
KOSDAQ,에코앤드림,KR7101360006,101360
KOSDAQ,에코캡,KR7128540002,128540
KOSDAQ,에코프로,KR7086520004,086520
KOSPI,에코프로머티,KR7450080007,450080
KOSDAQ GLOBAL,에코프로비엠,KR7247540008,247540
KOSDAQ GLOBAL,에코프로에이치엔,KR7383310000,383310
KOSDAQ,에코플라스틱,KR7038110003,038110
KOSDAQ,에프알텍,KR7073540007,073540
KOSDAQ,에프앤가이드,KR7064850001,064850
KOSDAQ,FSN,KR7214270001,214270
KOSDAQ,에프에스티,KR7036810000,036810
KOSDAQ,에프엔씨엔터,KR7173940008,173940
KOSDAQ,에프엔에스테크,KR7083500009,083500
KONEX,에피바이오텍,KR7446440000,446440
KOSDAQ,엑사이엔씨,KR7054940002,054940
KOSDAQ,엑세스바이오,KR8840090003,950130
KOSDAQ,엑셀세라퓨틱스,KR7373110006,373110
KOSDAQ,엑셈,KR7205100001,205100
KOSDAQ,엑스게이트,KR7356680009,356680
KOSDAQ,엑스큐어,KR7070300009,070300
KOSDAQ,엑스페릭스,KR7317770006,317770
KOSDAQ,엑스플러스,KR7373200005,373200
KOSDAQ,엑시온그룹,KR7069920007,069920
KOSDAQ,엑시콘,KR7092870005,092870
KOSPI,엑시큐어하이트론,KR7019490002,019490
KOSDAQ,엔바이오니아,KR7317870004,317870
KOSDAQ,엔브이에이치코리아,KR7067570002,067570
KOSDAQ,엔비티,KR7236810008,236810
KONEX,엔솔바이오사이언스,KR7140610007,140610
KOSDAQ,엔시스,KR7333620003,333620
KOSDAQ,엔시트론,KR7101400000,101400
KOSPI,엔씨소프트,KR7036570000,036570
KONEX,엔에스엠,KR7238170005,238170
KOSDAQ,엔에스이엔엠,KR7078860004,078860
KONEX,엔에스컴퍼니,KR7224760009,224760
KOSDAQ,엔에이치스팩23호,KR7422040006,422040
KOSDAQ,엔에이치스팩24호,KR7437780000,437780
KOSDAQ,엔에이치스팩25호,KR7438580003,438580
KOSDAQ,엔에이치스팩26호,KR7439410002,439410
KOSDAQ,엔에이치스팩27호,KR7440820009,440820
KOSDAQ,엔에이치스팩29호,KR7451700009,451700
KOSDAQ,엔에이치스팩30호,KR7466910007,466910
KOSDAQ,엔에이치스팩31호,KR7481890002,481890
KOSDAQ,NHN벅스,KR7104200001,104200
KOSDAQ GLOBAL,NHN KCP,KR7060250008,060250
KOSPI,NH올원리츠,KR7400760005,400760
KOSPI,NH투자증권우,KR7005941000,005945
KOSPI,NH투자증권,KR7005940002,005940
KOSDAQ,엔에프씨,KR7265740001,265740
KOSDAQ,NE능률,KR7053290003,053290
KOSDAQ,엔젠바이오,KR7354200008,354200
KOSDAQ,엔젤로보틱스,KR7455900001,455900
KOSDAQ,엔젯,KR7419080007,419080
KONEX,엔지브이아이,KR7093510006,093510
KOSDAQ,엔지스테크널러지,KR7208860007,208860
KOSDAQ,엔지켐생명과학,KR7183490002,183490
KOSPI,엔케이,KR7085310001,085310
KOSDAQ,엔케이맥스,KR7182400002,182400
KOSDAQ,엔켐,KR7348370008,348370
KOSDAQ,엔텔스,KR7069410009,069410
KOSDAQ,엔투텍,KR7227950003,227950
KOSDAQ,엔피,KR7291230001,291230
KOSDAQ,엔피디,KR7198080004,198080
KOSDAQ,NPX,KR7222160004,222160
KOSDAQ,엔피케이,KR7048830004,048830
KOSDAQ,엘디티,KR7096870001,096870
KONEX,엘리비젼,KR7276240009,276240
KOSPI,엘브이엠씨홀딩스,KYG5307W1015,900140
KOSDAQ,LB루셈,KR7376190005,376190
KOSDAQ,LB세미콘,KR7061970000,061970
KOSDAQ,LB인베스트먼트,KR7309960003,309960
KOSDAQ,엘앤씨바이오,KR7290650001,290650
KOSPI,엘앤에프,KR7066970005,066970
KOSDAQ,엘앤케이바이오,KR7156100000,156100
KOSDAQ,LS마린솔루션,KR7060370004,060370
KOSDAQ,LS머트리얼즈,KR7417200003,417200
KOSDAQ,LS증권,KR7078020005,078020
KONEX,엘에이티,KR7311060008,311060
KOSPI,LX하우시스우,KR7108671009,108675
KOSPI,LX하우시스,KR7108670001,108670
KOSPI,LX홀딩스1우,KR738380K012,38380K
KOSPI,LX홀딩스,KR7383800000,383800
KOSDAQ,엘엠에스,KR7073110009,073110
KOSDAQ,엘오티베큠,KR7083310003,083310
KOSPI,LG씨엔에스,KR7064400005,064400
KOSPI,LG헬로비전,KR7037560000,037560
KOSDAQ,엘컴텍,KR7037950003,037950
KOSDAQ,LK삼양,KR7225190008,225190
KOSDAQ,엘티씨,KR7170920003,170920
KOSDAQ,M83,KR7476080007,476080
KOSDAQ,엠게임,KR7058630005,058630
KOSDAQ,엠로,KR7058970005,058970
KOSDAQ,엠벤처투자,KR7019590009,019590
KOSPI,엠씨넥스,KR7097520001,097520
KOSDAQ,엠아이큐브솔루션,KR7373170000,373170
KOSDAQ,엠아이텍,KR7179290002,179290
KOSPI,엠앤씨솔루션,KR7484870001,484870
KOSDAQ,엠에스씨,KR7009780008,009780
KOSDAQ,엠에스오토텍,KR7123040008,123040
KOSDAQ,엠에프씨,KR7432980001,432980
KOSDAQ,엠에프엠코리아,KR7323230003,323230
KOSDAQ,엠오티,KR7413390006,413390
KOSDAQ,엠젠솔루션,KR7032790008,032790
KOSDAQ,엠케이전자,KR7033160003,033160
KOSDAQ,엠투아이,KR7347890006,347890
KOSDAQ,엠투엔,KR7033310004,033310
KOSDAQ,엠플러스,KR7259630002,259630
KOSDAQ,엣지파운드리,KR7105550008,105550
KOSDAQ,영림원소프트랩,KR7060850005,060850
KOSPI,영보화학,KR7014440002,014440
KOSDAQ,영우디에스피,KR7143540003,143540
KOSPI,영원무역,KR7111770004,111770
KOSPI,영원무역홀딩스,KR7009970005,009970
KOSPI,영진약품,KR7003520004,003520
KOSPI,영풍,KR7000670000,000670
KOSDAQ,영풍정밀,KR7036560001,036560
KOSPI,영풍제지,KR7006740005,006740
KOSPI,영화금속,KR7012280004,012280
KOSDAQ,영화테크,KR7265560003,265560
KOSPI,영흥,KR7012160008,012160
KOSDAQ,예림당,KR7036000008,036000
KOSDAQ,예선테크,KR7250930005,250930
KOSDAQ,예스24,KR7053280004,053280
KOSPI,예스코홀딩스,KR7015360001,015360
KOSDAQ,예스티,KR7122640006,122640
KOSDAQ,오가닉티코스메틱,HK0000312568,900300
KONEX,오건에코텍,KR7212310007,212310
KOSDAQ,오공,KR7045060001,045060
KOSDAQ,오디텍,KR7080520000,080520
KOSPI,오뚜기,KR7007310006,007310
KOSDAQ,오로라,KR7039830005,039830
KOSDAQ,오로스테크놀로지,KR7322310004,322310
KOSDAQ,오르비텍,KR7046120002,046120
KOSDAQ,오리엔탈정공,KR7014940001,014940
KOSPI,오리엔트바이오,KR7002630002,002630
KOSDAQ,오리엔트정공,KR7065500001,065500
KOSPI,오리온,KR7271560005,271560
KOSPI,오리온홀딩스,KR7001800002,001800
KOSDAQ,오리콤,KR7010470003,010470
KOSDAQ,오브젠,KR7417860004,417860
KOSDAQ,오비고,KR7352910004,352910
KOSDAQ,오상자이엘,KR7053980009,053980
KOSDAQ,오상헬스케어,KR7036220002,036220
KOSDAQ,오성첨단소재,KR7052420007,052420
KONEX,오션스바이오,KR7332190008,332190
KOSDAQ,오션인더블유,KR7052300001,052300
KOSDAQ,오스코텍,KR7039200001,039200
KOSDAQ,오스템,KR7031510001,031510
KOSPI,OCI홀딩스,KR7010060002,010060
KOSDAQ,오에스피,KR7368970000,368970
KOSDAQ,오이솔루션,KR7138080007,138080
KOSDAQ,오킨스전자,KR7080580004,080580
KOSDAQ,오텍,KR7067170001,067170
KOSDAQ,오토앤,KR7353590003,353590
KOSDAQ,오파스넷,KR7173130006,173130
KOSDAQ,오픈베이스,KR7049480007,049480
KOSDAQ,오픈엣지테크놀로지,KR7394280002,394280
KOSDAQ,오하임앤컴퍼니,KR7309930006,309930
KOSDAQ,온코닉테라퓨틱스,KR7476060009,476060
KOSDAQ,온코크로스,KR7382150001,382150
KOSPI,온타이드,KR7005320007,005320
KOSDAQ,올리패스,KR7244460002,244460
KOSDAQ,올릭스,KR7226950004,226950
KOSDAQ,옴니시스템,KR7057540007,057540
KOSDAQ,옵투스제약,KR7131030009,131030
KOSDAQ,옵트론텍,KR7082210006,082210
KOSDAQ,옵티시스,KR7109080002,109080
KOSDAQ,옵티코어,KR7380540005,380540
KOSDAQ,옵티팜,KR7153710009,153710
KOSDAQ,YW,KR7051390003,051390
KOSDAQ,와이랩,KR7432430007,432430
KOSDAQ,와이바이오로직스,KR7338840002,338840
KOSDAQ,YBM넷,KR7057030009,057030
KOSDAQ,와이솔,KR7122990005,122990
KOSDAQ,와이씨,KR7232140004,232140
KOSDAQ,와이씨켐,KR7112290002,112290
KOSDAQ,와이어블,KR7065530008,065530
KOSDAQ,와이엔텍,KR7067900001,067900
KOSDAQ,와이엠,KR7007530009,007530
KOSDAQ,와이엠씨,KR7155650005,155650
KOSDAQ,와이엠텍,KR7273640003,273640
KOSDAQ,와이엠티,KR7251370003,251370
KOSDAQ,와이오엠,KR7066430000,066430
KOSDAQ,와이제이링크,KR7209640002,209640
KOSDAQ,와이즈넛,KR7096250006,096250
KOSDAQ,와이즈버즈,KR7273060004,273060
KOSDAQ,와이지-원,KR7019210004,019210
KOSDAQ GLOBAL,와이지엔터테인먼트,KR7122870009,122870
KOSPI,YG PLUS,KR7037270006,037270
KOSPI,와이투솔루션,KR7011690005,011690
KOSDAQ,YTN,KR7040300006,040300
KOSDAQ,와이팜,KR7332570001,332570
KOSDAQ,와토스코리아,KR7079000006,079000
KOSPI,우리금융지주,KR7316140003,316140
KOSDAQ,우리기술,KR7032820003,032820
KOSDAQ,우리기술투자,KR7041190000,041190
KOSDAQ,우리넷,KR7115440000,115440
KOSDAQ,우리로,KR7046970000,046970
KOSDAQ,우리바이오,KR7082850009,082850
KOSDAQ,우리산업,KR7215360009,215360
KOSDAQ,우리산업홀딩스,KR7072470008,072470
KOSDAQ,우리손에프앤지,KR7073560005,073560
KOSDAQ,우리엔터프라이즈,KR7037400009,037400
KOSDAQ,우리이앤엘,KR7153490008,153490
KOSDAQ,우림피티에스,KR7101170009,101170
KOSPI,우성,KR7006980007,006980
KOSDAQ,우수AMS,KR7066590001,066590
KOSPI,우신시스템,KR7017370008,017370
KOSDAQ,우양,KR7103840005,103840
KOSDAQ,우원개발,KR7046940003,046940
KOSDAQ,우정바이오,KR7215380007,215380
KOSDAQ,우주일렉트로,KR7065680001,065680
KOSPI,우진,KR7105840003,105840
KOSDAQ,우진비앤지,KR7018620005,018620
KOSPI,우진아이엔에스,KR7010400000,010400
KOSDAQ,우진엔텍,KR7457550002,457550
KOSPI,우진플라임,KR7049800006,049800
KOSPI,웅진,KR7016880007,016880
KOSPI,웅진씽크빅,KR7095720009,095720
KOSDAQ,워트,KR7396470007,396470
KOSPI,원림,KR7005820006,005820
KOSDAQ,원바이오젠,KR7307280008,307280
KOSDAQ,원익,KR7032940009,032940
KOSDAQ,원익머트리얼즈,KR7104830005,104830
KOSDAQ GLOBAL,원익IPS,KR7240810002,240810
KOSDAQ,원익큐브,KR7014190003,014190
KOSDAQ GLOBAL,원익QnC,KR7074600008,074600
KOSDAQ,원익피앤이,KR7217820000,217820
KOSDAQ,원익홀딩스,KR7030530000,030530
KOSDAQ,원일특강,KR7012620001,012620
KOSDAQ,원준,KR7382840007,382840
KOSDAQ,원텍,KR7336570007,336570
KOSDAQ,원티드랩,KR7376980009,376980
KONEX,원포유,KR7122830003,122830
KOSDAQ,원풍,KR7008370009,008370
KOSDAQ,원풍물산,KR7008290009,008290
KOSDAQ,월덱스,KR7101160000,101160
KOSDAQ,웨이버스,KR7336060009,336060
KOSDAQ,웨이브일렉트로,KR7095270005,095270
KOSDAQ,웨이비스,KR7289930000,289930
KOSPI,웰바이오텍,KR7010600005,010600
KOSDAQ,웰크론,KR7065950008,065950
KOSDAQ,웰크론한텍,KR7076080001,076080
KOSDAQ,웰킵스하이텍,KR7043590009,043590
KOSDAQ,웹스,KR7196700009,196700
KOSDAQ GLOBAL,웹젠,KR7069080000,069080
KOSDAQ,웹케시,KR7053580007,053580
KOSDAQ,위니아,KR7071460000,071460
KOSDAQ,위니아에이드,KR7377460001,377460
KOSDAQ,위닉스,KR7044340008,044340
KOSDAQ,위더스제약,KR7330350000,330350
KOSDAQ,위드텍,KR7348350000,348350
KOSDAQ,위메이드,KR7112040001,112040
KOSDAQ,위메이드맥스,KR7101730000,101730
KOSDAQ,위메이드플레이,KR7123420002,123420
KOSDAQ,위세아이텍,KR7065370009,065370
KONEX,위월드,KR7140660002,140660
KOSDAQ,위즈코프,KR7038620001,038620
KOSDAQ,위지윅스튜디오,KR7299900001,299900
KOSDAQ,위지트,KR7036090009,036090
KOSDAQ,위츠,KR7459100004,459100
KOSDAQ,윈스,KR7136540002,136540
KOSDAQ,윈팩,KR7097800007,097800
KOSDAQ,윈하이텍,KR7192390003,192390
KOSPI,윌비스,KR7008600009,008600
KOSDAQ,윙스풋,KR7335870002,335870
KOSDAQ,윙입푸드,HK0000449303,900340
KOSPI,유니드,KR7014830004,014830
KOSPI,유니드비티플러스,KR7446070005,446070
KOSDAQ,유니셈,KR7036200004,036200
KOSDAQ,유니슨,KR7018000000,018000
KOSPI,유니온머티리얼,KR7047400007,047400
KOSPI,유니온,KR7000910000,000910
KOSDAQ,유니온커뮤니티,KR7203450002,203450
KOSPI,유니켐,KR7011330008,011330
KOSPI,유니퀘스트,KR7077500007,077500
KOSDAQ,유니크,KR7011320009,011320
KOSDAQ,유니테스트,KR7086390002,086390
KOSDAQ,유니테크노,KR7241690007,241690
KOSDAQ,유니트론텍,KR7142210004,142210
KONEX,유니포인트,KR7121060008,121060
KOSDAQ,유디엠텍,KR7389680000,389680
KOSDAQ,유라클,KR7088340005,088340
KOSDAQ,유라테크,KR7048430003,048430
KOSDAQ,유바이오로직스,KR7206650004,206650
KOSDAQ,유비벨록스,KR7089850002,089850
KONEX,유비씨,KR7495810004,495810
KOSDAQ,유비온,KR7084440007,084440
KOSDAQ,유비케어,KR7032620007,032620
KOSDAQ,유비쿼스,KR7264450008,264450
KOSDAQ,유비쿼스홀딩스,KR7078070000,078070
KOSPI,유성기업,KR7002920007,002920
KOSDAQ,유성티엔에스,KR7024800005,024800
KOSPI,유수홀딩스,KR7000700005,000700
KOSDAQ,유신,KR7054930003,054930
KOSDAQ,유아이디,KR7069330009,069330
KOSDAQ,유아이엘,KR7049520000,049520
KOSDAQ,유안타제10호스팩,KR7435380001,435380
KOSDAQ,유안타제11호스팩,KR7444920003,444920
KOSDAQ,유안타제12호스팩,KR7446150005,446150
KOSDAQ,유안타제13호스팩,KR7449020007,449020
KOSDAQ,유안타제14호스팩,KR7450940002,450940
KOSDAQ,유안타제15호스팩,KR7473050003,473050
KOSDAQ,유안타제16호스팩,KR7474490000,474490
KOSDAQ,유안타제17호스팩,KR7493790000,493790
KOSDAQ,유안타제9호스팩,KR7430700005,430700
KOSPI,유안타증권우,KR7003471000,003475
KOSPI,유안타증권,KR7003470002,003470
KOSDAQ,유에스티,KR7263770000,263770
KONEX,유엑스엔,KR7337840003,337840
KOSPI,유엔젤,KR7072130008,072130
KOSPI,유유제약1우,KR7000221002,000225
KOSPI,유유제약2우B,KR7000222000,000227
KOSPI,유유제약,KR7000220004,000220
KOSDAQ,유일로보틱스,KR7388720005,388720
KOSDAQ,유일에너테크,KR7340930007,340930
KOSDAQ,유진기업,KR7023410004,023410
KOSDAQ,유진스팩10호,KR7468760004,468760
KOSDAQ,유진스팩11호,KR7488060005,488060
KOSDAQ,유진스팩9호,KR7442130001,442130
KOSDAQ,유진로봇,KR7056080005,056080
KOSDAQ,유진테크,KR7084370006,084370
KOSDAQ,유진테크놀로지,KR7240600007,240600
KOSPI,유진투자증권,KR7001200005,001200
KOSDAQ,유투바이오,KR7221800006,221800
KOSDAQ,유티아이,KR7179900006,179900
KOSDAQ,유틸렉스,KR7263050007,263050
KOSPI,유한양행우,KR7000101006,000105
KOSPI,유한양행,KR7000100008,000100
KOSPI,유화증권우,KR7003461001,003465
KOSPI,유화증권,KR7003460003,003460
KOSDAQ,육일씨엔에쓰,KR7191410000,191410
KOSDAQ,윤성에프앤씨,KR7372170001,372170
KOSDAQ,율촌,KR7146060009,146060
KOSPI,율촌화학,KR7008730004,008730
KOSDAQ,율호,KR7072770001,072770
KOSPI,이건산업,KR7008250003,008250
KOSDAQ,이건홀딩스,KR7039020003,039020
KOSPI,이구산업,KR7025820002,025820
KOSDAQ,이글루,KR7067920009,067920
KOSDAQ,이글벳,KR7044960003,044960
KOSDAQ,이노뎁,KR7303530000,303530
KOSDAQ,이노룰스,KR7296640006,296640
KOSDAQ,이노메트리,KR7302430004,302430
KONEX,이노벡스,KR7279060008,279060
KOSPI,이노션,KR7214320004,214320
KOSDAQ,이노스페이스,KR7462350000,462350
KOSDAQ,이노시뮬레이션,KR7274400001,274400
KOSDAQ,이노와이어리스,KR7073490005,073490
KOSDAQ,이노인스트루먼트,KR7215790007,215790
KOSDAQ,이노진,KR7344860002,344860
KOSDAQ,이녹스,KR7088390000,088390
KOSDAQ GLOBAL,이녹스첨단소재,KR7272290008,272290
KOSDAQ,이니텍,KR7053350005,053350
KOSDAQ,이닉스,KR7452400005,452400
KOSDAQ,이랜시스,KR7264850009,264850
KOSDAQ,이랜텍,KR7054210000,054210
KOSDAQ,이렘,KR7009730003,009730
KOSDAQ,이루온,KR7065440000,065440
KOSPI,이리츠코크렙,KR7088260005,088260
KOSPI,이마트,KR7139480008,139480
KOSDAQ,이미지스,KR7115610008,115610
KOSDAQ,이베스트스팩6호,KR7478110000,478110
KOSDAQ,이브이첨단소재,KR7131400004,131400
KONEX,이비테크,KR7208850008,208850
KOSDAQ,이삭엔지니어링,KR7351330006,351330
KOSDAQ,이상네트웍스,KR7080010002,080010
KONEX,이성씨엔아이,KR7379390008,379390
KOSPI,이수스페셜티케미컬,KR7457190007,457190
KOSDAQ,이수앱지스,KR7086890001,086890
KOSPI,이수페타시스,KR7007660004,007660
KOSPI,이수화학,KR7005950001,005950
KOSPI,이스타코,KR7015020001,015020
KOSDAQ,이스트소프트,KR7047560008,047560
KOSDAQ,이스트아시아홀딩스,HK0000057197,900110
KOSDAQ,이스트에이드,KR7239340003,239340
KOSDAQ,이씨에스,KR7067010009,067010
KOSPI,이아이디,KR7093230001,093230
KONEX,이앤에치,KR7341310001,341310
KOSDAQ,이에이트,KR7418620001,418620
KOSDAQ,이엔셀,KR7456070002,456070
KOSDAQ,이엔에프테크놀로지,KR7102710001,102710
KOSPI,이엔플러스,KR7074610007,074610
KOSDAQ,이엘씨,KR7041520008,041520
KOSDAQ,이엘피,KR7063760003,063760
KOSDAQ,이엠넷,KR7123570004,123570
KONEX,EMB,KR7278990007,278990
KOSDAQ,이엠앤아이,KR7083470005,083470
KOSDAQ,이엠코리아,KR7095190005,095190
KOSDAQ,이엠텍,KR7091120006,091120
KONEX,이엠티,KR7232530006,232530
KOSPI,이연제약,KR7102460003,102460
KOSDAQ GLOBAL,이오테크닉스,KR7039030002,039030
KOSDAQ,이오플로우,KR7294090006,294090
KOSDAQ,EDGC,KR7245620000,245620
KOSDAQ,이원컴포텍,KR7088290002,088290
KOSPI,이월드,KR7084680008,084680
KOSDAQ,EG,KR7037370004,037370
KOSDAQ,이지바이오,KR7353810005,353810
KOSPI,이지스레지던스리츠,KR7350520003,350520
KOSPI,이지스밸류리츠,KR7334890001,334890
KOSDAQ,이지케어텍,KR7099750002,099750
KOSDAQ,이지트로닉스,KR7377330006,377330
KOSDAQ,이지홀딩스,KR7035810001,035810
KOSDAQ,이큐셀,KR7160600003,160600
KOSDAQ,이크레더블,KR7092130004,092130
KOSDAQ,이트론,KR7096040001,096040
KOSDAQ,이퓨쳐,KR7134060003,134060
KOSDAQ,이화공영,KR7001840008,001840
KOSPI,이화산업,KR7000760009,000760
KOSDAQ,이화전기,KR7024810004,024810
KOSPI,인디에프,KR7014990006,014990
KOSDAQ,인바디,KR7041830001,041830
KOSDAQ,인바이오,KR7352940001,352940
KOSPI,인바이오젠,KR7101140002,101140
KONEX,인바이츠바이오코아,KR7216400002,216400
KOSDAQ,인베니아,KR7079950002,079950
KOSDAQ,인벤티지랩,KR7389470006,389470
KOSDAQ,인산가,KR7277410007,277410
KOSDAQ,인선이엔티,KR7060150000,060150
KOSDAQ,인성정보,KR7033230004,033230
KOSDAQ,인스웨이브시스템즈,KR7450520002,450520
KOSPI,인스코비,KR7006490007,006490
KOSDAQ,인스피언,KR7465480002,465480
KOSDAQ,인지디스플레,KR7037330008,037330
KOSDAQ,인지소프트,KR7100030006,100030
KOSPI,인지컨트롤스,KR7023800006,023800
KOSPI,인천도시가스,KR7034590000,034590
KOSDAQ,인카금융서비스,KR7211050000,211050
KOSDAQ,인콘,KR7083640003,083640
KOSDAQ,인크레더블버즈,KR7064090004,064090
KOSDAQ,인크로스,KR7216050005,216050
KOSDAQ,인탑스,KR7049070006,049070
KOSDAQ,인터로조,KR7119610004,119610
KOSDAQ,인터엠,KR7017250002,017250
KOSPI,인터지스,KR7129260006,129260
KOSDAQ,인터플렉스,KR7051370005,051370
KOSDAQ,인텍플러스,KR7064290000,064290
KOSDAQ,인텔리안테크,KR7189300007,189300
KOSDAQ,인트로메딕,KR7150840007,150840
KOSDAQ,인트론바이오,KR7048530000,048530
KOSPI,인팩,KR7023810005,023810
KOSDAQ,인포바인,KR7115310005,115310
KOSDAQ,인포뱅크,KR7039290002,039290
KOSDAQ,인피니트헬스케어,KR7071200000,071200
KOSDAQ,인화정공,KR7101930006,101930
KOSPI,일동제약,KR7249420001,249420
KOSPI,일동홀딩스,KR7000230003,000230
KOSPI,일성건설,KR7013360003,013360
KOSPI,일성아이에스,KR7003120003,003120
KOSDAQ,일승,KR7333430007,333430
KOSDAQ,일신바이오,KR7068330000,068330
KOSPI,일신방직,KR7003200003,003200
KOSPI,일신석재,KR7007110000,007110
KOSPI,일양약품우,KR7007571003,007575
KOSPI,일양약품,KR7007570005,007570
KOSDAQ,일월지엠엘,KR7178780003,178780
KOSPI,일정실업,KR7008500001,008500
KOSDAQ,일지테크,KR7019540004,019540
KOSPI,일진다이아,KR7081000002,081000
KOSPI,일진디스플,KR7020760005,020760
KOSPI,일진전기,KR7103590006,103590
KOSDAQ,일진파워,KR7094820008,094820
KOSPI,일진하이솔루스,KR7271940009,271940
KOSPI,일진홀딩스,KR7015860000,015860
KOSPI,잇츠한불,KR7226320000,226320
KOSDAQ,잉글우드랩,KR8840110108,950140
KOSDAQ,잉크테크,KR7049550007,049550
KOSDAQ,자람테크놀로지,KR7389020009,389020
KOSDAQ,자비스,KR7254120009,254120
KOSDAQ,자연과환경,KR7043910009,043910
KOSDAQ,자이글,KR7234920007,234920
KOSDAQ,자이언트스텝,KR7289220006,289220
KOSPI,자이에스앤디,KR7317400000,317400
KOSPI,자화전자,KR7033240003,033240
KOSDAQ,장원테크,KR7174880005,174880
KOSDAQ,재영솔루텍,KR7049630007,049630
KOSDAQ,저스템,KR7417840006,417840
KOSPI,전방,KR7000950006,000950
KOSPI,전진건설로봇,KR7079900007,079900
KOSDAQ,전진바이오팜,KR7110020005,110020
KOSDAQ,정다운,KR7208140004,208140
KOSDAQ,정상제이엘에스,KR7040420002,040420
KOSDAQ,정원엔시스,KR7045510005,045510
KOSDAQ,제너셈,KR7217190008,217190
KOSDAQ,제넥신,KR7095700001,095700
KOSDAQ,제넨바이오,KR7072520000,072520
KOSDAQ,제노레이,KR7122310006,122310
KOSDAQ,제노코,KR7361390008,361390
KONEX,제노텍,KR7066830001,066830
KOSDAQ,제놀루션,KR7225220003,225220
KOSDAQ,제닉,KR7123330003,123330
KOSDAQ,제닉스,KR7381620004,381620
KOSDAQ,제로투세븐,KR7159580000,159580
KOSDAQ,제룡산업,KR7147830004,147830
KOSDAQ,제룡전기,KR7033100009,033100
KOSDAQ,제우스,KR7079370003,079370
KOSDAQ,JW신약,KR7067290007,067290
KOSDAQ,제이브이엠,KR7054950001,054950
KOSDAQ,제이스코홀딩스,KR7023440001,023440
KOSDAQ,제이스텍,KR7090470006,090470
KOSDAQ,제이씨케미칼,KR7137950002,137950
KOSDAQ,제이씨현시스템,KR7033320003,033320
KOSDAQ,제이아이테크,KR7417500006,417500
KOSPI,제이알글로벌리츠,KR7348950007,348950
KOSDAQ,제이앤티씨,KR7204270003,204270
KOSPI,제이에스코퍼레이션,KR7194370003,194370
KOSDAQ,제이에스티나,KR7026040006,026040
KOSDAQ,제이엔비,KR7452160005,452160
KOSDAQ,제이엔케이글로벌,KR7126880004,126880
KOSDAQ,제이엘케이,KR7322510009,322510
KONEX,제이엠멀티,KR7254160005,254160
KOSDAQ,제이엠아이,KR7033050006,033050
KOSDAQ,제이엠티,KR7094970001,094970
KOSDAQ,제이오,KR7418550000,418550
KOSDAQ GLOBAL,JYP Ent.,KR7035900000,035900
KOSPI,제이준코스메틱,KR7025620006,025620
KOSDAQ,제이투케이바이오,KR7420570004,420570
KOSDAQ,제이티,KR7089790000,089790
KOSDAQ,JTC,KR8392080006,950170
KOSPI,제일기획,KR7030000004,030000
KOSDAQ,제일바이오,KR7052670007,052670
KOSPI,제일약품,KR7271980005,271980
KOSDAQ,제일엠앤에스,KR7412540007,412540
KOSPI,제일연마,KR7001560002,001560
KOSDAQ,제일일렉트릭,KR7199820002,199820
KOSDAQ,제일테크노스,KR7038010005,038010
KOSPI,제일파마홀딩스,KR7002620003,002620
KOSDAQ,제주맥주,KR7276730009,276730
KOSDAQ,제주반도체,KR7080220007,080220
KOSPI,제주은행,KR7006220008,006220
KOSPI,제주항공,KR7089590004,089590
KOSDAQ,제테마,KR7216080002,216080
KOSDAQ,젠큐릭스,KR7229000005,229000
KOSDAQ,젬백스,KR7082270000,082270
KOSDAQ,조광ILI,KR7044060002,044060
KOSPI,조광페인트,KR7004910006,004910
KOSPI,조광피혁,KR7004700001,004700
KOSPI,조비,KR7001550003,001550
KOSPI,조선내화,KR7462520008,462520
KOSPI,조선선재,KR7120030002,120030
KOSDAQ,조아제약,KR7034940007,034940
KOSDAQ,조이시티,KR7067000000,067000
KOSPI,조일알미늄,KR7018470005,018470
KOSPI,조흥,KR7002600005,002600
KOSPI,종근당바이오,KR7063160006,063160
KOSPI,종근당,KR7185750007,185750
KOSPI,종근당홀딩스,KR7001630003,001630
KOSDAQ,좋은사람들,KR7033340001,033340
KOSDAQ GLOBAL,주성엔지니어링,KR7036930006,036930
KOSPI,주성코퍼레이션,KR7109070003,109070
KONEX,수프로,KR7185190006,185190
KOSDAQ,아모센스,KR7357580000,357580
KOSDAQ,오스테오닉,KR7226400000,226400
KOSDAQ,오픈놀,KR7440320000,440320
KONEX,코셋,KR7189350002,189350
KOSDAQ,큐라티스,KR7348080003,348080
KOSPI,동남합성,KR7023450000,023450
KOSPI,KCC,KR7002380004,002380
KOSPI,주연테크,KR7044380004,044380
KOSPI,기업은행,KR7024110009,024110
KOSDAQ,중앙백신,KR7072020001,072020
KOSDAQ,중앙에너비스,KR7000440008,000440
KOSDAQ,중앙첨단소재,KR7051980001,051980
KOSDAQ,지노믹트리,KR7228760005,228760
KOSDAQ,지놈앤컴퍼니,KR7314130006,314130
KOSPI,지누스,KR7013890009,013890
KOSDAQ,지니너스,KR7389030008,389030
KOSDAQ,지니뮤직,KR7043610005,043610
KOSDAQ,지니언스,KR7263860009,263860
KOSDAQ,지니틱스,KR7303030001,303030
KOSDAQ,지더블유바이텍,KR7036180008,036180
KOSDAQ,지란지교시큐리티,KR7208350009,208350
KONEX,지슨,KR7289860009,289860
KOSDAQ,지씨셀,KR7144510005,144510
KOSDAQ,지아이이노베이션,KR7358570000,358570
KOSDAQ,지아이텍,KR7382480002,382480
KOSDAQ,지앤비에스 에코,KR7382800001,382800
KONEX,지앤이헬스케어,KR7299480004,299480
KOSDAQ,지어소프트,KR7051160000,051160
KOSPI,GS글로벌,KR7001250000,001250
KOSPI,GS리테일,KR7007070006,007070
KOSDAQ,지에스이,KR7053050001,053050
KOSPI,GS피앤엘,KR7499790004,499790
KOSDAQ,GH신소재,KR7130500002,130500
KONEX,지에프씨생명과학,KR7388610008,388610
KOSDAQ,지엔씨에너지,KR7119850006,119850
KOSDAQ,지엔코,KR7065060006,065060
KOSDAQ,지엘팜텍,KR7204840003,204840
KOSPI,지엠비코리아,KR7013870001,013870
KOSPI,지역난방공사,KR7071320006,071320
KOSDAQ,지오엘리먼트,KR7311320006,311320
KOSDAQ,지투파워,KR7388050007,388050
KOSPI,진도,KR7088790001,088790
KOSDAQ,진로발효,KR7018120006,018120
KOSDAQ,진매트릭스,KR7109820001,109820
KOSDAQ,진바이오텍,KR7086060001,086060
KOSDAQ,진성티이씨,KR7036890002,036890
KOSDAQ,진시스템,KR7363250002,363250
KOSPI,진양산업,KR7003780004,003780
KOSDAQ,진양제약,KR7007370000,007370
KOSPI,진양폴리,KR7010640001,010640
KOSPI,진양홀딩스,KR7100250000,100250
KOSPI,진양화학,KR7051630002,051630
KOSPI,진에어,KR7272450008,272450
KOSDAQ,진영,KR7285800009,285800
KOSPI,진원생명과학,KR7011000007,011000
KONEX,진코스텍,KR7250030004,250030
KOSPI,진흥기업우B,KR7002781003,002785
KOSPI,진흥기업2우B,KR7002782001,002787
KOSPI,진흥기업,KR7002780005,002780
KONEX,질경이,KR7233990001,233990
KOSDAQ,차바이오텍,KR7085660009,085660
KOSDAQ,차백신연구소,KR7261780001,261780
KOSDAQ,크리스탈신소재,KYG2115T1076,900250
KOSDAQ,차이커뮤니케이션,KR7351870001,351870
KOSPI,참엔지니어링,KR7009310004,009310
KOSDAQ,참좋은여행,KR7094850005,094850
KONEX,창대정밀,KR7368030003,368030
KOSDAQ,창해에탄올,KR7004650008,004650
KOSDAQ,천보,KR7278280003,278280
KOSPI,천일고속,KR7000650002,000650
KOSDAQ,청담글로벌,KR7362320004,362320
KOSPI,청호ICT,KR7012600003,012600
KOSDAQ,체리부로,KR7066360009,066360
KOSPI,체시스,KR7033250002,033250
KOSDAQ,초록뱀미디어,KR7047820006,047820
KOSDAQ,칩스앤미디어,KR7094360005,094360
KOSDAQ,카스,KR7016920001,016920
KOSDAQ,카이노스메드,KR7284620002,284620
KONEX,카이바이오텍,KR7446600009,446600
KOSDAQ GLOBAL,카카오게임즈,KR7293490009,293490
KOSPI,카카오뱅크,KR7323410001,323410
KOSPI,카카오,KR7035720002,035720
KOSPI,카카오페이,KR7377300009,377300
KOSDAQ,카티스,KR7140430000,140430
KOSDAQ,카페24,KR7042000000,042000
KOSPI,카프로,KR7006380000,006380
KOSDAQ,캐리,KR7313760001,313760
KOSDAQ,캐리소프트,KR7317530004,317530
KOSDAQ,캐스텍코리아,KR7071850002,071850
KOSDAQ,캔버스엔,KR7210120002,210120
KOSDAQ,캠시스,KR7050110006,050110
KOSDAQ,캡스톤파트너스,KR7452300007,452300
KOSDAQ,컨텍,KR7451760003,451760
KOSDAQ,컬러레이,HK0000341732,900310
KOSDAQ GLOBAL,컴투스,KR7078340007,078340
KOSDAQ,컴투스홀딩스,KR7063080006,063080
KOSDAQ,컴퍼니케이,KR7307930008,307930
KOSDAQ,케스피온,KR7079190005,079190
KOSDAQ,케어랩스,KR7263700007,263700
KOSDAQ,케어젠,KR7214370009,214370
KOSDAQ,케이디켐,KR7221980006,221980
KOSDAQ,케이바이오,KR7038530002,038530
KOSPI,KB발해인프라,KR7415640002,415640
KOSPI,케이비아이동국실업,KR7001620004,001620
KOSDAQ,KBI메탈,KR7024840001,024840
KOSDAQ,KB제25호스팩,KR7455250001,455250
KOSDAQ,KB제26호스팩,KR7458320009,458320
KOSDAQ,KB제27호스팩,KR7464680008,464680
KOSDAQ,KB제28호스팩,KR7476470000,476470
KOSDAQ,KB제29호스팩,KR7478390008,478390
KOSDAQ,KB제30호스팩,KR7486630007,486630
KOSDAQ,KB제31호스팩,KR7492220009,492220
KOSDAQ,KBG,KR7318000007,318000
KOSDAQ,케이사인,KR7192250009,192250
KOSDAQ,케이쓰리아이,KR7431190008,431190
KOSPI,KC그린홀딩스,KR7009440009,009440
KOSPI,케이씨,KR7029460003,029460
KONEX,KC산업,KR7112190004,112190
KOSDAQ,KCC건설,KR7021320007,021320
KOSPI,KCC글라스,KR7344820006,344820
KOSDAQ,KCI,KR7036670008,036670
KOSDAQ,케이씨에스,KR7115500001,115500
KOSPI,KC코트렐,KR7119650000,119650
KOSPI,케이씨텍,KR7281820001,281820
KOSDAQ,케이씨티,KR7089150007,089150
KOSDAQ,케이씨피드,KR7025880006,025880
KOSPI,KIB플러그에너지,KR7015590003,015590
KOSDAQ,케이아이엔엑스,KR7093320000,093320
KOSDAQ,케이알엠,KR7093640001,093640
KOSPI,KSS해운,KR7044450005,044450
KOSDAQ,KS인더스트리,KR7101000008,101000
KOSDAQ,케이에스피,KR7073010001,073010
KOSDAQ,KH 건설,KR7226360006,226360
KOSDAQ,KH 미래물산,KR7111870002,111870
KOSDAQ,KH바텍,KR7060720000,060720
KOSDAQ,KX,KR7122450000,122450
KOSDAQ,KX하이텍,KR7052900008,052900
KOSDAQ,케이엔더블유,KR7105330005,105330
KOSDAQ,케이엔솔,KR7053080008,053080
KOSDAQ,케이엔알시스템,KR7199430000,199430
KOSDAQ,케이엔에스,KR7432470003,432470
KOSDAQ,KNN,KR7058400003,058400
KOSDAQ,케이엔제이,KR7272110008,272110
KOSDAQ,케이엘넷,KR7039420005,039420
KOSDAQ,케이엠,KR7083550004,083550
KOSDAQ,케이엠더블유,KR7032500001,032500
KOSDAQ,케이엠제약,KR7225430008,225430
KOSDAQ,케이옥션,KR7102370004,102370
KOSDAQ,케이웨더,KR7068100007,068100
KOSPI,KEC,KR7092220003,092220
KOSDAQ,KG모빌리언스,KR7046440004,046440
KOSDAQ,KG에코솔루션,KR7151860004,151860
KOSDAQ,KG이니시스,KR7035600006,035600
KOSPI,케이카,KR7381970003,381970
KOSPI,케이탑리츠,KR7145270005,145270
KOSPI,KT,KR7030200000,030200
KOSPI,스카이라이프,KR7053210001,053210
KOSPI,KTcs,KR7058850009,058850
KOSPI,KTis,KR7058860008,058860
KOSDAQ,케이티알파,KR7036030005,036030
KOSPI,KT&G,KR7033780008,033780
KOSDAQ,케이프,KR7064820004,064820
KOSDAQ,케이피에스,KR7256940008,256940
KOSDAQ,케이피에프,KR7024880007,024880
KOSDAQ,케이피엠테크,KR7042040006,042040
KOSDAQ,케이피티유,KR7054410006,054410
KOSDAQ,케일럼,KR7258610005,258610
KOSDAQ,켄코아에어로스페이스,KR7274090000,274090
KONEX,켈스,KR7402420004,402420
KOSDAQ,켐트로닉스,KR7089010003,089010
KOSDAQ,켐트로스,KR7220260004,220260
KONEX,코나솔,KR7176590008,176590
KOSDAQ,코나아이,KR7052400009,052400
KOSDAQ,코난테크놀로지,KR7402030001,402030
KOSDAQ,코닉오토메이션,KR7391710001,391710
KOSDAQ,코다코,KR7046070009,046070
KOSDAQ,코데즈컴바인,KR7047770003,047770
KOSDAQ,코디,KR7080530009,080530
KOSPI,코람코더원리츠,KR7417310000,417310
KOSPI,코람코라이프인프라리츠,KR7357120005,357120
KOSDAQ,코렌텍,KR7104540000,104540
KOSDAQ,코리아나,KR7027050004,027050
KOSPI,코리아써우,KR7007811003,007815
KOSPI,코리아써키트2우B,KR700781K015,00781K
KOSPI,코리아써키트,KR7007810005,007810
KOSDAQ,코리아에셋투자증권,KR7190650002,190650
KOSDAQ,코리아에프티,KR7123410003,123410
KOSPI,코리안리,KR7003690005,003690
KOSDAQ,코맥스,KR7036690006,036690
KOSDAQ,코메론,KR7049430002,049430
KOSDAQ GLOBAL,코미코,KR7183300003,183300
KOSDAQ,코미팜,KR7041960006,041960
KOSDAQ,코세스,KR7089890008,089890
KOSDAQ,코셈,KR7360350003,360350
KOSDAQ,코스나인,KR7082660002,082660
KOSPI,코스맥스,KR7192820009,192820
KOSPI,코스맥스비티아이,KR7044820009,044820
KOSDAQ,코스맥스엔비티,KR7222040008,222040
KOSDAQ,코스메카코리아,KR7241710003,241710
KOSPI,코스모신소재,KR7005070008,005070
KOSPI,코스모화학,KR7005420005,005420
KOSDAQ,코스텍시스,KR7355150004,355150
KONEX,코스텍시스템,KR7169670007,169670
KOSPI,코아스,KR7071950000,071950
KOSDAQ,코아스템켐온,KR7166480004,166480
KOSDAQ,코아시아,KR7045970001,045970
KOSDAQ,코아시아씨엠,KR7196450001,196450
KOSDAQ,코어라인소프트,KR7384470001,384470
KOSDAQ,코엔텍,KR7029960002,029960
KOSPI,코오롱우,KR7002021004,002025
KOSPI,코오롱글로벌우,KR7003071008,003075
KOSPI,코오롱글로벌,KR7003070000,003070
KOSPI,코오롱모빌리티그룹우,KR745014K018,45014K
KOSPI,코오롱모빌리티그룹,KR7450140009,450140
KOSPI,코오롱,KR7002020006,002020
KOSDAQ,코오롱생명과학,KR7102940004,102940
KOSPI,코오롱ENP,KR7138490008,138490
KOSPI,코오롱인더우,KR7120111000,120115
KOSPI,코오롱인더,KR7120110002,120110
KOSDAQ,코오롱티슈진,KR8840120008,950160
KOSPI,코웨이,KR7021240007,021240
KOSDAQ,코웰패션,KR7033290008,033290
KOSDAQ,코위버,KR7056360001,056360
KOSDAQ,코윈테크,KR7282880004,282880
KOSDAQ,코이즈,KR7121850002,121850
KOSDAQ,코츠테크놀로지,KR7448710004,448710
KOSDAQ,코칩,KR7126730001,126730
KOSDAQ,코콤,KR7015710007,015710
KOSDAQ,코텍,KR7052330008,052330
KOSDAQ,코퍼스코리아,KR7322780008,322780
KOSPI,콘텐트리중앙,KR7036420008,036420
KOSDAQ GLOBAL,콜마비앤에이치,KR7200130003,200130
KOSPI,콜마홀딩스,KR7024720005,024720
KOSPI,콤텍시스템,KR7031820004,031820
KOSDAQ,쿠콘,KR7294570007,294570
KOSPI,쿠쿠홀딩스,KR7192400000,192400
KOSPI,쿠쿠홈시스,KR7284740008,284740
KOSDAQ,퀀타매트릭스,KR7317690006,317690
KOSDAQ,퀀타피아,KR7078940004,078940
KOSDAQ,퀀텀온,KR7227100005,227100
KOSDAQ,퀄리타스반도체,KR7432720001,432720
KONEX,큐라켐,KR7456190008,456190
KOSDAQ,큐라클,KR7365270008,365270
KONEX,큐러블,KR7086460003,086460
KOSDAQ,큐렉소,KR7060280005,060280
KOSDAQ,큐로셀,KR7372320002,372320
KOSDAQ,큐로홀딩스,KR7051780005,051780
KOSDAQ,큐리언트,KR7115180002,115180
KOSDAQ,큐리옥스바이오시스템즈,KR7445680002,445680
KOSDAQ,큐브엔터,KR7182360008,182360
KOSDAQ,큐알티,KR7405100009,405100
KOSDAQ,큐에스아이,KR7066310004,066310
KONEX,큐엠씨,KR7136660008,136660
KOSDAQ,큐캐피탈,KR7016600009,016600
KOSDAQ,크라우드웍스,KR7355390006,355390
KOSPI,크라운제과우,KR726490K013,26490K
KOSPI,크라운제과,KR7264900002,264900
KOSPI,크라운해태홀딩스우,KR7005741004,005745
KOSPI,크라운해태홀딩스,KR7005740006,005740
KOSPI,크래프톤,KR7259960003,259960
KOSDAQ,크레버스,KR7096240007,096240
KOSDAQ,크레오에스지,KR7040350001,040350
KONEX,크로넥스,KR7215570003,215570
KOSDAQ,크리스에프앤씨,KR7110790003,110790
KOSDAQ,크린앤사이언스,KR7045520004,045520
KOSDAQ,클라우드에어,KR7036170009,036170
KOSDAQ GLOBAL,클래시스,KR7214150005,214150
KOSDAQ,클로봇,KR7466100005,466100
KOSDAQ,클리노믹스,KR7352770002,352770
KOSDAQ,클리오,KR7237880000,237880
KOSDAQ,키네마스터,KR7139670004,139670
KOSPI,키다리스튜디오,KR7020120002,020120
KOSDAQ,키움제10호스팩,KR7487720005,487720
KOSDAQ,키움제11호스팩,KR7489480004,489480
KOSDAQ,키움제6호스팩,KR7413600008,413600
KOSDAQ,키움제7호스팩,KR7433530003,433530
KOSDAQ,키움제8호스팩,KR7446840001,446840
KOSPI,키움증권,KR7039490008,039490
KOSDAQ,키이스트,KR7054780002,054780
KONEX,타스컴,KR7336040001,336040
KOSDAQ,타이거일렉,KR7219130002,219130
KONEX,타이드,KR7346010002,346010
KONEX,타임기술,KR7318660008,318660
KONEX,타조엔터테인먼트,KR7476710009,476710
KONEX,탈로스,KR7434190005,434190
KOSDAQ,탑런토탈솔루션,KR7336680004,336680
KOSDAQ,탑머티리얼,KR7360070007,360070
KONEX,탑선,KR7180060006,180060
KOSDAQ,탑엔지니어링,KR7065130007,065130
KOSDAQ,탑코미디어,KR7134580000,134580
KOSPI,태경비케이,KR7014580005,014580
KOSPI,태경산업,KR7015890007,015890
KOSPI,태경케미컬,KR7006890008,006890
KOSDAQ,태광,KR7023160005,023160
KOSPI,태광산업,KR7003240009,003240
KOSPI,태림포장,KR7011280005,011280
KOSDAQ,태성,KR7323280008,323280
KOSDAQ,태양,KR7053620001,053620
KONEX,태양3C,KR7052960002,052960
KOSPI,태양금속우,KR7004101002,004105
KOSPI,태양금속,KR7004100004,004100
KONEX,태양기계,KR7116100009,116100
KOSPI,태영건설,KR7009410002,009410
KOSPI,태영건설우,KR7009411000,009415
KOSDAQ,태웅,KR7044490001,044490
KOSDAQ,태웅로직스,KR7124560004,124560
KOSPI,태원물산,KR7001420009,001420
KOSDAQ,테고사이언스,KR7191420009,191420
KOSDAQ,테라사이언스,KR7073640005,073640
KOSDAQ,테라젠이텍스,KR7066700006,066700
KOSDAQ,테스,KR7095610002,095610
KOSPI,테이팩스,KR7055490007,055490
KONEX,테크엔,KR7308700004,308700
KOSDAQ,테크엘,KR7064520000,064520
KOSDAQ,테크윙,KR7089030001,089030
KONEX,테크트랜스,KR7258050004,258050
KOSDAQ,텔레칩스,KR7054450002,054450
KOSPI,텔코웨어,KR7078000007,078000
KOSDAQ,텔콘RF제약,KR7200230001,200230
KOSPI,토니모리,KR7214420002,214420
KOSDAQ,토마토시스템,KR7393210000,393210
KOSDAQ,토모큐브,KR7475960001,475960
KOSDAQ,토박스코리아,KR7215480005,215480
KOSDAQ,토비스,KR7051360006,051360
KOSDAQ,토탈소프트,KR7045340007,045340
KOSDAQ,톱텍,KR7108230004,108230
KOSDAQ,투비소프트,KR7079970000,079970
KOSDAQ,툴젠,KR7199800004,199800
KOSDAQ,트루엔,KR7417790003,417790
KOSDAQ,트윔,KR7290090000,290090
KOSDAQ,특수건설,KR7026150003,026150
KOSDAQ,티디에스팜,KR7464280007,464280
KOSDAQ,티라유텍,KR7322180001,322180
KOSDAQ,티로보틱스,KR7117730002,117730
KOSDAQ,티비씨,KR7033830001,033830
KOSDAQ,티사이언티픽,KR7057680001,057680
KOSDAQ,티쓰리,KR7204610000,204610
KOSDAQ GLOBAL,티씨케이,KR7064760002,064760
KOSDAQ,티앤알바이오팹,KR7246710008,246710
KOSDAQ,티앤엘,KR7340570001,340570
KOSDAQ,티에스넥스젠,KR7043220003,043220
KOSDAQ,티에스아이,KR7277880001,277880
KOSDAQ,티에스이,KR7131290009,131290
KOSDAQ,TS인베스트먼트,KR7246690002,246690
KOSDAQ,TS트릴리온,KR7317240000,317240
KOSPI,티에이치엔,KR7019180009,019180
KOSDAQ,티에프이,KR7425420007,425420
KOSDAQ,티엔엔터테인먼트,KR7131100000,131100
KOSDAQ,티엘비,KR7356860007,356860
KONEX,티엘엔지니어링,KR7413300005,413300
KOSPI,TYM,KR7002900009,002900
KOSPI,티와이홀딩스우,KR736328K013,36328K
KOSPI,티와이홀딩스,KR7363280009,363280
KOSDAQ,티움바이오,KR7321550006,321550
KOSPI,티웨이항공,KR7091810002,091810
KOSPI,티웨이홀딩스,KR7004870002,004870
KOSDAQ,티이엠씨,KR7425040003,425040
KOSDAQ,티이엠씨씨엔에스,KR7241790005,241790
KOSDAQ,TJ미디어,KR7032540007,032540
KOSDAQ,TKG애강,KR7022220008,022220
KOSPI,TKG휴켐스,KR7069260008,069260
KOSDAQ,티케이케미칼,KR7104480009,104480
KOSDAQ,티플랙스,KR7081150005,081150
KOSPI,TP,KR7007980006,007980
KOSDAQ,티피씨글로벌,KR7130740004,130740
KOSDAQ,TPC,KR7048770002,048770
KONEX,틸론,KR7217880004,217880
KOSDAQ,팅크웨어,KR7084730001,084730
KOSDAQ,파두,KR7440110005,440110
KOSPI,파라다이스,KR7034230003,034230
KOSDAQ,파라텍,KR7033540006,033540
KOSDAQ,파로스아이바이오,KR7388870008,388870
KOSDAQ,파루,KR7043200005,043200
KOSDAQ GLOBAL,파마리서치,KR7214450009,214450
KONEX,파마리서치바이오,KR7217950005,217950
KOSDAQ,파멥신,KR7208340000,208340
KOSPI,파미셀,KR7005690003,005690
KOSDAQ,파버나인,KR7177830007,177830
KOSDAQ,파세코,KR7037070000,037070
KOSDAQ,파수,KR7150900009,150900
KOSDAQ,파워넷,KR7037030004,037030
KOSDAQ,파워로직스,KR7047310008,047310
KONEX,파워풀엑스,KR7266870005,266870
KOSDAQ,파이버프로,KR7368770004,368770
KOSDAQ,파이오링크,KR7170790000,170790
KOSDAQ,파인디앤씨,KR7049120009,049120
KOSDAQ,파인디지털,KR7038950002,038950
KOSDAQ,파인메딕스,KR7387570005,387570
KOSDAQ,파인엠텍,KR7441270006,441270
KOSDAQ,파인테크닉스,KR7106240005,106240
KOSDAQ,파인텍,KR7131760001,131760
KOSDAQ,파커스,KR7065690000,065690
KOSDAQ,파크시스템스,KR7140860008,140860
KOSDAQ GLOBAL,파트론,KR7091700005,091700
KONEX,판도라티비,KR7202960001,202960
KOSDAQ,판타지오,KR7032800005,032800
KOSDAQ,팜스빌,KR7318010006,318010
KOSPI,팜스코,KR7036580009,036580
KOSDAQ,팜스토리,KR7027710003,027710
KOSPI,팜젠사이언스,KR7004720009,004720
KONEX,팡스카이,KR7266350008,266350
KOSDAQ,패션플랫폼,KR7225590009,225590
KOSDAQ,팬스타엔터프라이즈,KR7054300009,054300
KOSDAQ,팬엔터테인먼트,KR7068050004,068050
KOSPI,팬오션,KR7028670008,028670
KOSDAQ,팬젠,KR7222110009,222110
KOSDAQ,팸텍,KR7271830002,271830
KOSPI,퍼스텍,KR7010820009,010820
KOSPI,퍼시스,KR7016800005,016800
KOSDAQ GLOBAL,펄어비스,KR7263750002,263750
KOSDAQ,펌텍코리아,KR7251970000,251970
KOSPI,페이퍼코리아,KR7001020007,001020
KONEX,펨토바이오메드,KR7327610002,327610
KOSDAQ,펨트론,KR7168360006,168360
KOSDAQ,펩트론,KR7087010005,087010
KOSPI,평화산업,KR7090080003,090080
KOSPI,평화홀딩스,KR7010770006,010770
KOSDAQ,포니링크,KR7064800006,064800
KOSDAQ,포메탈,KR7119500007,119500
KOSDAQ,포바이포,KR7389140005,389140
KOSDAQ,포스뱅크,KR7105760003,105760
KOSPI,포스코DX,KR7022100002,022100
KOSPI,포스코스틸리온,KR7058430000,058430
KOSPI,포스코인터내셔널,KR7047050000,047050
KOSPI,포스코퓨처엠,KR7003670007,003670
KOSPI,POSCO홀딩스,KR7005490008,005490
KOSDAQ,포시에스,KR7189690001,189690
KOSDAQ,포인트모바일,KR7318020005,318020
KOSDAQ,포인트엔지니어링,KR7256630005,256630
KOSDAQ,포커스에이치엔에스,KR7331380006,331380
KOSDAQ,폰드그룹,KR7472850007,472850
KOSDAQ,폴라리스세원,KR7234100006,234100
KOSDAQ,폴라리스AI,KR7039980008,039980
KOSDAQ,폴라리스AI파마,KR7041910001,041910
KOSDAQ,폴라리스오피스,KR7041020009,041020
KOSDAQ,폴라리스우노,KR7114630007,114630
KOSDAQ,푸드나무,KR7290720002,290720
KOSDAQ,푸드웰,KR7005670005,005670
KOSDAQ,푸른기술,KR7094940004,094940
KOSDAQ,푸른저축은행,KR7007330004,007330
KOSDAQ,푸른소나무,KR7057880007,057880
KOSPI,풀무원,KR7017810003,017810
KOSDAQ,풍강,KR7093380004,093380
KOSDAQ,풍국주정,KR7023900004,023900
KOSPI,풍산,KR7103140000,103140
KOSPI,풍산홀딩스,KR7005810007,005810
KOSDAQ,풍원정밀,KR7371950007,371950
KOSDAQ,퓨런티어,KR7370090003,370090
KOSDAQ,퓨릿,KR7445180003,445180
KOSDAQ,퓨처코어,KR7151910007,151910
KONEX,퓨쳐메디신,KR7341170009,341170
KOSDAQ,퓨쳐켐,KR7220100002,220100
KOSDAQ,프럼파스트,KR7035200005,035200
KOSDAQ,프레스티지바이오로직스,KR7334970001,334970
KOSPI,프레스티지바이오파마,KR8702070002,950210
KOSDAQ,프로이천,KR7321260002,321260
KONEX,프로젠,KR7296160005,296160
KOSDAQ,프로텍,KR7053610002,053610
KOSDAQ,프로티아,KR7303360002,303360
KOSDAQ,프롬바이오,KR7377220009,377220
KOSDAQ,프리시젼바이오,KR7335810008,335810
KOSDAQ,프리엠스,KR7053160008,053160
KOSDAQ,플라즈맵,KR7405000001,405000
KOSDAQ,플래스크,KR7041590001,041590
KOSDAQ,플래티어,KR7367000007,367000
KOSDAQ,플랜티넷,KR7075130005,075130
KONEX,플럼라인생명과학,KR7222670002,222670
KOSPI,플레이그램,KR7009810003,009810
KOSDAQ,플레이디,KR7237820006,237820
KOSDAQ,플레이위드,KR7023770001,023770
KOSDAQ,플루토스,KR7019570001,019570
KOSDAQ,플리토,KR7300080009,300080
KOSDAQ,피노,KR7033790007,033790
KOSDAQ,피델릭스,KR7032580003,032580
KOSDAQ,피씨디렉트,KR7051380004,051380
KOSDAQ,피씨엘,KR7241820000,241820
KOSDAQ,피아이이,KR7452450000,452450
KOSPI,PI첨단소재,KR7178920005,178920
KOSDAQ,피앤씨테크,KR7237750005,237750
KOSDAQ,피앤에스미캐닉스,KR7460940000,460940
KOSDAQ GLOBAL,피에스케이,KR7319660007,319660
KOSDAQ,피에스케이홀딩스,KR7031980006,031980
KOSDAQ,피에스텍,KR7002230001,002230
KOSDAQ,피에이치에이,KR7043370006,043370
KOSDAQ,피엔에이치테크,KR7239890007,239890
KOSDAQ,피엔케이피부임상연구센타,KR7347740003,347740
KOSDAQ GLOBAL,피엔티,KR7137400008,137400
KOSDAQ,피엔티엠에스,KR7257370007,257370
KOSDAQ,PN풍년,KR7024940009,024940
KOSDAQ,피엠티,KR7147760003,147760
KOSDAQ,피제이메탈,KR7128660008,128660
KOSDAQ,피제이전자,KR7006140008,006140
KOSDAQ,피코그램,KR7376180006,376180
KOSDAQ,피플바이오,KR7304840002,304840
KOSDAQ,픽셀플러스,KR7087600003,087600
KOSDAQ,핀텔,KR7291810000,291810
KOSDAQ,필에너지,KR7378340004,378340
KOSDAQ,필옵틱스,KR7161580006,161580
KOSDAQ,핌스,KR7347770000,347770
KOSDAQ,핑거,KR7163730005,163730
KOSDAQ,핑거스토리,KR7417180007,417180
KOSDAQ,하나26호스팩,KR7446750002,446750
KOSDAQ,하나27호스팩,KR7448370007,448370
KOSDAQ,하나28호스팩,KR7454750001,454750
KOSDAQ,하나29호스팩,KR7454640004,454640
KOSDAQ,하나30호스팩,KR7469880009,469880
KOSDAQ,하나31호스팩,KR7469900005,469900
KOSDAQ,하나32호스팩,KR7475240008,475240
KOSDAQ,하나33호스팩,KR7475250007,475250
KOSDAQ,하나34호스팩,KR7484130000,484130
KOSDAQ,하나금융25호스팩,KR7435620000,435620
KOSPI,하나금융지주,KR7086790003,086790
KOSDAQ,하나기술,KR7299030007,299030
KOSDAQ,하나마이크론,KR7067310003,067310
KOSDAQ GLOBAL,하나머티리얼즈,KR7166090001,166090
KOSPI,하나제약,KR7293480000,293480
KOSPI,하나투어,KR7039130000,039130
KOSDAQ,하림,KR7136480001,136480
KOSDAQ GLOBAL,하림지주,KR7003380003,003380
KOSDAQ,하스,KR7450330006,450330
KOSDAQ,하이드로리튬,KR7101670008,101670
KOSDAQ,하이딥,KR7365590009,365590
KOSDAQ,하이로닉,KR7149980005,149980
KOSDAQ,하이록코리아,KR7013030002,013030
KOSPI,하이브,KR7352820005,352820
KOSDAQ,하이비젼시스템,KR7126700004,126700
KOSDAQ,하이소닉,KR7106080005,106080
KOSPI,하이스틸,KR7071090005,071090
KOSDAQ,하이제8호스팩,KR7450050000,450050
KOSDAQ,하이젠알앤엠,KR7160190005,160190
KOSDAQ,하이즈항공,KR7221840002,221840
KOSDAQ,하이텍팜,KR7106190002,106190
KOSPI,하이트진로2우B,KR7000082008,000087
KOSPI,하이트진로,KR7000080002,000080
KOSPI,하이트진로홀딩스우,KR7000141002,000145
KOSPI,하이트진로홀딩스,KR7000140004,000140
KOSDAQ,하이퍼코퍼레이션,KR7065650004,065650
KOSDAQ,하츠,KR7066130006,066130
KOSDAQ,한국가구,KR7004590006,004590
KOSPI,한국가스공사,KR7036460004,036460
KOSDAQ,한국경제TV,KR7039340005,039340
KOSPI,한국공항,KR7005430004,005430
KOSDAQ,한국기업평가,KR7034950006,034950
KOSPI,한국내화,KR7010040004,010040
KOSPI,한국단자,KR7025540006,025540
KOSDAQ,한국맥널티,KR7222980005,222980
KOSPI,한국무브넥스,KR7010100006,010100
KONEX,한국미라클피플사,KR7331660001,331660
KOSDAQ,한국비엔씨,KR7256840000,256840
KOSDAQ,한국비티비,KR7219750007,219750
KOSPI,한국석유,KR7004090007,004090
KOSDAQ,한국선재,KR7025550005,025550
KOSPI,한국수출포장,KR7002200004,002200
KOSPI,한국쉘석유,KR7002960003,002960
KOSDAQ,한국알콜,KR7017890005,017890
KOSPI,한국앤컴퍼니,KR7000240002,000240
KOSPI,유나이티드제약,KR7033270000,033270
KOSDAQ,한국유니온제약,KR7080720006,080720
KOSPI,한국자산신탁,KR7123890006,123890
KOSPI,한국전력,KR7015760002,015760
KOSPI,한전기술,KR7052690005,052690
KOSDAQ,한국전자금융,KR7063570006,063570
KOSDAQ,한국전자인증,KR7041460007,041460
KOSPI,한국전자홀딩스,KR7006200000,006200
KOSDAQ,한국정밀기계,KR7101680007,101680
KOSDAQ,한국정보공학,KR7039740006,039740
KOSDAQ,한국정보인증,KR7053300000,053300
KOSDAQ,한국정보통신,KR7025770009,025770
KOSDAQ,한국제12호스팩,KR7458610003,458610
KOSDAQ,한국제13호스팩,KR7464440007,464440
KOSDAQ,한국제14호스팩,KR7477530000,477530
KOSDAQ,한국제15호스팩,KR7479880007,479880
KOSPI,한국제지,KR7027970003,027970
KOSPI,한국종합기술,KR7023350002,023350
KOSPI,한국주강,KR7025890005,025890
KOSPI,한국주철관,KR7000970004,000970
KOSPI,한국철강,KR7104700000,104700
KOSDAQ,한국첨단소재,KR7062970009,062970
KOSPI,한국카본,KR7017960006,017960
KOSDAQ,한국캐피탈,KR7023760002,023760
KOSDAQ,한국컴퓨터,KR7054040001,054040
KOSPI,한국콜마,KR7161890009,161890
KOSDAQ,한국큐빅,KR7021650007,021650
KOSPI,한국타이어앤테크놀로지,KR7161390000,161390
KOSPI,한국토지신탁,KR7034830000,034830
KOSPI,한국ANKOR유전,KR7152550000,152550
KOSPI,한국패러랠,KR7168490001,168490
KOSPI,한국금융지주우,KR7071051007,071055
KOSPI,한국금융지주,KR7071050009,071050
KOSPI,한국특강,KR7007280001,007280
KOSDAQ,한국파마,KR7032300006,032300
KOSDAQ,한국팩키지,KR7037230000,037230
KONEX,한국피아이엠,KR7448900001,448900
KOSPI,한국항공우주,KR7047810007,047810
KOSPI,한국화장품,KR7123690000,123690
KOSPI,한국화장품제조,KR7003350006,003350
KOSDAQ,한글과컴퓨터,KR7030520001,030520
KOSDAQ,한네트,KR7052600004,052600
KOSPI,한농화성,KR7011500006,011500
KOSPI,한독,KR7002390003,002390
KOSDAQ,한독크린텍,KR7256150004,256150
KOSDAQ,한라IMS,KR7092460005,092460
KOSPI,한미글로벌,KR7053690004,053690
KOSPI,한미반도체,KR7042700005,042700
KOSPI,한미사이언스,KR7008930000,008930
KOSPI,한미약품,KR7128940004,128940
KOSDAQ,한빛레이저,KR7452190002,452190
KOSDAQ,한빛소프트,KR7047080007,047080
KOSPI,한샘,KR7009240003,009240
KOSDAQ,한선엔지니어링,KR7452280001,452280
KOSPI,한섬,KR7020000006,020000
KOSPI,한성기업,KR7003680006,003680
KOSDAQ,한성크린텍,KR7066980004,066980
KOSPI,한세실업,KR7105630008,105630
KOSPI,한세엠케이,KR7069640001,069640
KOSPI,한세예스24홀딩스,KR7016450009,016450
KOSPI,한솔PNS,KR7010420008,010420
KOSPI,한솔로지스틱스,KR7009180001,009180
KOSDAQ,한솔아이원스,KR7114810005,114810
KOSDAQ,한솔인티큐브,KR7070590005,070590
KOSPI,한솔제지,KR7213500002,213500
KOSPI,한솔케미칼,KR7014680003,014680
KOSPI,한솔테크닉스,KR7004710000,004710
KOSPI,한솔홀딩스,KR7004150009,004150
KOSPI,한솔홈데코,KR7025750001,025750
KOSDAQ,한송네오텍,KR7226440006,226440
KOSDAQ,한스바이오메드,KR7042520007,042520
KOSPI,한신공영,KR7004960001,004960
KOSPI,한신기계,KR7011700002,011700
KOSDAQ,한싹,KR7430690008,430690
KOSDAQ,한양디지텍,KR7078350006,078350
KOSDAQ,한양이엔지,KR7045100005,045100
KOSPI,한양증권우,KR7001751007,001755
KOSPI,한양증권,KR7001750009,001750
KOSPI,한온시스템,KR7018880005,018880
KOSPI,한올바이오파마,KR7009420001,009420
KOSDAQ,한울반도체,KR7320000003,320000
KOSDAQ,한울BnC,KR7214870008,214870
KOSDAQ,한울소재과학,KR7091440008,091440
KOSPI,한익스프레스,KR7014130009,014130
KOSDAQ,한일단조,KR7024740003,024740
KOSDAQ,한일사료,KR7005860002,005860
KOSPI,한일시멘트,KR7300720000,300720
KOSPI,한일철강,KR7002220002,002220
KOSPI,한일현대시멘트,KR7006390009,006390
KOSPI,한일홀딩스,KR7003300001,003300
KOSDAQ,한일화학,KR7007770001,007770
KOSPI,한전KPS,KR7051600005,051600
KOSPI,한전산업,KR7130660004,130660
KOSDAQ,한주라이트메탈,KR7198940009,198940
KOSDAQ,한주에이알티,KR7058450008,058450
KOSDAQ,한중엔시에스,KR7107640005,107640
KOSPI,한진,KR7002320000,002320
KOSPI,한진중공업홀딩스,KR7003480001,003480
KOSPI,한진칼우,KR718064K016,18064K
KOSPI,한진칼,KR7180640005,180640
KOSPI,한창,KR7005110002,005110
KOSDAQ,한창산업,KR7079170007,079170
KOSPI,한창제지,KR7009460007,009460
KOSPI,한컴라이프케어,KR7372910000,372910
KOSDAQ,한컴위드,KR7054920004,054920
KOSDAQ,한켐,KR7457370005,457370
KOSDAQ,한탑,KR7002680007,002680
KOSPI,한화우,KR7000881003,000885
KOSPI,한화3우B,KR700088K015,00088K
KOSPI,한화갤러리아우,KR745226K018,45226K
KOSPI,한화갤러리아,KR7452260003,452260
KOSPI,한화리츠,KR7451800007,451800
KOSPI,한화,KR7000880005,000880
KOSPI,한화비전,KR7489790006,489790
KOSPI,한화생명,KR7088350004,088350
KOSPI,한화손해보험,KR7000370007,000370
KOSPI,한화솔루션우,KR7009831009,009835
KOSPI,한화솔루션,KR7009830001,009830
KOSPI,한화시스템,KR7272210006,272210
KOSPI,한화에어로스페이스,KR7012450003,012450
KOSPI,한화엔진,KR7082740002,082740
KOSPI,한화오션,KR7042660001,042660
KOSPI,한화투자증권우,KR7003531001,003535
KOSPI,한화투자증권,KR7003530003,003530
KOSDAQ,한화플러스제4호스팩,KR7455310003,455310
KOSPI,해성디에스,KR7195870001,195870
KOSDAQ,해성산업,KR7034810002,034810
KOSDAQ,해성산업1우,KR703481K019,03481K
KOSDAQ,해성에어로보틱스,KR7059270009,059270
KOSDAQ,해성옵틱스,KR7076610005,076610
KOSPI,해태제과식품,KR7101530004,101530
KOSDAQ,핸디소프트,KR7220180004,220180
KOSPI,핸즈코퍼레이션,KR7143210003,143210
KOSDAQ,헝셩그룹,HK0000214814,900270
KOSDAQ,헥토이노베이션,KR7214180002,214180
KOSDAQ,헥토파이낸셜,KR7234340008,234340
KOSDAQ,헬릭스미스,KR7084990001,084990
KOSPI,현대건설우,KR7000721001,000725
KOSPI,현대건설,KR7000720003,000720
KOSDAQ,현대공업,KR7170030001,170030
KOSPI,현대그린푸드,KR7453340002,453340
KOSPI,현대글로비스,KR7086280005,086280
KOSPI,현대로템,KR7064350002,064350
KOSPI,현대리바트,KR7079430005,079430
KOSPI,현대모비스,KR7012330007,012330
KOSDAQ,현대무벡스,KR7319400008,319400
KOSDAQ,현대바이오랜드,KR7052260007,052260
KOSDAQ,현대바이오,KR7048410005,048410
KOSPI,현대백화점,KR7069960003,069960
KOSPI,현대비앤지스틸,KR7004560009,004560
KOSDAQ,현대사료,KR7016790008,016790
KOSPI,현대약품,KR7004310009,004310
KOSDAQ,현대에버다임,KR7041440009,041440
KOSDAQ,현대ADM,KR7187660006,187660
KOSDAQ,현대에이치티,KR7039010004,039010
KOSPI,현대엘리베이,KR7017800004,017800
KOSPI,현대오토에버,KR7307950006,307950
KOSPI,현대위아,KR7011210002,011210
KOSDAQ,현대이지웰,KR7090850009,090850
KOSPI,현대차우,KR7005381009,005385
KOSPI,현대차2우B,KR7005382007,005387
KOSPI,현대차3우B,KR7005383005,005389
KOSPI,현대차,KR7005380001,005380
KOSPI,현대제철,KR7004020004,004020
KOSPI,현대지에프홀딩스,KR7005440003,005440
KOSPI,현대차증권,KR7001500008,001500
KOSPI,현대코퍼레이션,KR7011760006,011760
KOSPI,현대코퍼레이션홀딩스,KR7227840006,227840
KOSPI,현대퓨처넷,KR7126560002,126560
KOSPI,현대해상,KR7001450006,001450
KOSPI,현대홈쇼핑,KR7057050007,057050
KOSDAQ,현대힘스,KR7460930001,460930
KOSDAQ,현우산업,KR7092300003,092300
KOSDAQ,협진,KR7138360003,138360
KOSDAQ,형지I&C,KR7011080009,011080
KOSPI,형지엘리트,KR7093240000,093240
KOSPI,혜인,KR7003010006,003010
KOSPI,호전실업,KR7111110003,111110
KOSPI,호텔신라우,KR7008771008,008775
KOSPI,호텔신라,KR7008770000,008770
KOSDAQ,홈센타홀딩스,KR7060560000,060560
KOSDAQ,홈캐스트,KR7064240005,064240
KOSDAQ,화성밸브,KR7039610001,039610
KOSPI,화승알앤에이,KR7378850002,378850
KOSPI,화승엔터프라이즈,KR7241590009,241590
KOSPI,화승인더,KR7006060008,006060
KOSPI,화승코퍼레이션,KR7013520002,013520
KOSPI,화신,KR7010690006,010690
KOSDAQ,화신정공,KR7126640002,126640
KOSPI,화인베스틸,KR7133820001,133820
KOSDAQ,화인써키트,KR7127980001,127980
KOSDAQ,화일약품,KR7061250007,061250
KOSPI,화천기계,KR7010660009,010660
KOSPI,화천기공,KR7000850008,000850
KOSPI,환인제약,KR7016580003,016580
KOSPI,황금에스티,KR7032560005,032560
KOSPI,효성,KR7004800009,004800
KOSPI,효성ITX,KR7094280005,094280
KOSDAQ,효성오앤비,KR7097870000,097870
KOSPI,효성중공업,KR7298040007,298040
KOSPI,효성티앤씨,KR7298020009,298020
KOSPI,효성화학,KR7298000001,298000
KOSPI,후성,KR7093370005,093370
KOSPI,휠라홀딩스,KR7081660003,081660
KOSDAQ,휴네시온,KR7290270008,290270
KOSPI,휴니드,KR7005870001,005870
KOSDAQ,휴럼,KR7353190002,353190
KOSDAQ,휴림네트웍스,KR7192410009,192410
KOSDAQ,휴림로봇,KR7090710005,090710
KOSDAQ,휴림에이텍,KR7078590007,078590
KOSDAQ,휴마시스,KR7205470008,205470
KOSDAQ,휴맥스,KR7115160004,115160
KOSDAQ,휴맥스홀딩스,KR7028080000,028080
KOSDAQ,휴먼테크놀로지,KR7175140003,175140
KOSDAQ,휴메딕스,KR7200670008,200670
KOSPI,휴비스,KR7079980009,079980
KOSDAQ,휴비츠,KR7065510000,065510
KOSDAQ,휴센텍,KR7215090002,215090
KOSPI,휴스틸,KR7005010004,005010
KOSDAQ,휴엠앤씨,KR7263920001,263920
KOSDAQ GLOBAL,휴온스,KR7243070000,243070
KOSDAQ,휴온스글로벌,KR7084110006,084110
KOSDAQ GLOBAL,휴젤,KR7145020004,145020
KOSDAQ,흥구석유,KR7024060006,024060
KOSDAQ,흥국,KR7010240000,010240
KOSDAQ,흥국에프엔비,KR7189980006,189980
KOSPI,흥국화재우,KR7000541003,000545
KOSPI,흥국화재,KR7000540005,000540
KOSPI,흥아해운,KR7003280005,003280
KOSDAQ,희림,KR7037440005,037440
KOSDAQ,힘스,KR7238490007,238490
